name,type,area,rating,cuisines,price_for_two,tag,best_rank,any_rank,appearances,promoted_only,site,source_url,universe_uid,lat,lon,website,match,maps_link
Lucid Dreams Coffee,standalone,Koramangala 5th Block,4.5,"Coffee, Cafe",550,cafe_or_coffee,3,3,24,False,zomato,https://www.zomato.com/bangalore/lucid-dreams-coffee-koramangala-5th-block-bangalore/info,,,,,unmatched,https://www.google.com/maps/search/?api=1&query=Lucid+Dreams+Coffee+Koramangala+5th+Block+Bengaluru
Barista Coffee,franchise,3 outlets,4.5,"Cafe, Coffee, Tea, Desserts",700,cafe_or_coffee,4,4,32,False,zomato,https://www.zomato.com/bangalore/barista-coffee-koramangala-4th-block-bangalore/info,2181,12.667679,77.218976,http://www.barista.co.in/,matched,Any
ee Kavii Kafe,standalone,JP Nagar,4.4,"Cafe, Coffee, Continental, Asian, Burger, Sandwich, Pasta",1000,cafe_or_coffee,4,4,9,False,zomato,https://www.zomato.com/bangalore/ee-kavii-kafe-jp-nagar-bangalore/info,7493,12.90665,77.578049,https://eekavii.in/,matched,https://www.google.com/maps/search/?api=1&query=ee+Kavii+Kafe+JP+Nagar+Bengaluru
Starbucks Coffee,franchise,22 outlets,4.4,"Cafe, Coffee, Desserts, Beverages",900,cafe_or_coffee,5,5,39,False,zomato,https://www.zomato.com/bangalore/starbucks-coffee-koramangala-7th-block-bangalore/info,20910,12.935185,77.61353,https://www.starbucks.com/,matched,Any
Blue Tokai Coffee Roasters,franchise,13 outlets,4.4,"Cafe, Coffee, Beverages",500,cafe_or_coffee,6,6,33,False,zomato,https://www.zomato.com/bangalore/blue-tokai-coffee-roasters-koramangala-5th-block-bangalore/info,3199,12.981152,77.603212,https://bluetokaicoffee.com/,matched,Any
Mai Matcha Haus,standalone,Koramangala 5th Block,4.1,"Cafe, Coffee, Beverages",600,cafe_or_coffee,7,7,14,False,zomato,https://www.zomato.com/bangalore/mai-matcha-haus-koramangala-5th-block-bangalore/info,,,,,unmatched,https://www.google.com/maps/search/?api=1&query=Mai+Matcha+Haus+Koramangala+5th+Block+Bengaluru
Magnolia Bakery,standalone,Indiranagar,4.3,"Bakery, Desserts, Cake, Ice Cream, British, Beverages, American, Coffee",700,cafe_or_coffee,9,9,1,False,zomato,https://www.zomato.com/bangalore/magnolia-bakery-indiranagar-bangalore/info,,,,,unmatched,https://www.google.com/maps/search/?api=1&query=Magnolia+Bakery+Indiranagar+Bengaluru
Cafe Azzure,standalone,Yelahanka,4.1,"Cafe, Continental, Mexican, Italian, Fast Food, Desserts, Beverages",1400,cafe_or_coffee,9,9,1,False,zomato,https://www.zomato.com/bangalore/cafe-azzure-yelahanka-bangalore/info,,,,,unmatched,https://www.google.com/maps/search/?api=1&query=Cafe+Azzure+Yelahanka+Bengaluru
The KA - PI co.,standalone,Koramangala 6th Block,4.5,"Cafe, Desserts, Beverages, Fast Food",350,cafe_or_coffee,10,10,11,False,zomato,https://www.zomato.com/bangalore/the-ka-pi-co-koramangala-6th-block-bangalore/info,22544,12.98897,77.537933,https://thekapico.com/,matched,https://www.google.com/maps/search/?api=1&query=The+KA+-+PI+co.+Koramangala+6th+Block+Bengaluru
Chai Point,franchise,5 outlets,4.1,Tea,400,cafe_or_coffee,11,11,36,False,zomato,https://www.zomato.com/bangalore/chai-point-langford-town-bangalore/info,4922,12.978648,77.642731,https://indiranagar.chaipoint.com/,matched,Any
The Hole In The Wall Cafe,standalone,Koramangala 4th Block,4.5,"Cafe, Continental, Burger, Sandwich, Shake, Beverages, Desserts",700,cafe_or_coffee,11,11,11,False,zomato,https://www.zomato.com/bangalore/the-hole-in-the-wall-cafe-koramangala-4th-block-bangalore/info,,,,,unmatched,https://www.google.com/maps/search/?api=1&query=The+Hole+In+The+Wall+Cafe+Koramangala+4th+Block+Bengaluru
Bistro Claytopia,standalone,Koramangala 1st Block,4.1,"Cafe, American, Italian, Modern Indian, Continental, Desserts, Beverages",1100,cafe_or_coffee,12,12,7,False,zomato,https://www.zomato.com/bangalore/bistro-claytopia-koramangala-1st-block/info,,,,,unmatched,https://www.google.com/maps/search/?api=1&query=Bistro+Claytopia+Koramangala+1st+Block+Bengaluru
PizzaExpress,franchise,4 outlets,4.5,"Pizza, Italian, Salad, Bakery, Coffee, Beverages, Pasta, Cafe",2000,cafe_or_coffee,13,13,63,False,zomato,https://www.zomato.com/bangalore/pizzaexpress-koramangala-5th-block-bangalore/info,16813,12.93378,77.621495,,matched,Any
Perch Wine and Coffee Bar,standalone,Hebbal,4.6,"Cafe, Coffee, Beverages, Desserts",2400,cafe_or_coffee,13,13,8,False,zomato,https://www.zomato.com/bangalore/perch-wine-and-coffee-bar-hebbal-bangalore/info,,,,,unmatched,https://www.google.com/maps/search/?api=1&query=Perch+Wine+and+Coffee+Bar+Hebbal+Bengaluru
Kaavu,standalone,Whitefield,4.3,"North Indian, Cafe, Italian, Continental",2300,cafe_or_coffee,13,13,5,False,zomato,https://www.zomato.com/bangalore/kaavu-whitefield-bangalore/info,11106,12.961377,77.732002,https://thekaavu.in/,matched,https://www.google.com/maps/search/?api=1&query=Kaavu+Whitefield+Bengaluru
abcoffee,franchise,6 outlets,4.4,"Coffee, Beverages, Shake, Bakery, Cafe, Desserts",600,cafe_or_coffee,14,14,26,False,zomato,https://www.zomato.com/bangalore/abcoffee-hebbal-bangalore/info,,,,,unmatched,Any
Dyu Art Cafe,standalone,Koramangala 8th Block,4.5,"Cafe, Continental, Burger, Sandwich, Pizza, Fast Food, Desserts, Beverages",850,cafe_or_coffee,14,14,15,False,zomato,https://www.zomato.com/bangalore/dyu-art-cafe-koramangala-8th-block-bangalore/info,7399,12.93719,77.61768,http://www.dyuartcafe.com/,matched,https://www.google.com/maps/search/?api=1&query=Dyu+Art+Cafe+Koramangala+8th+Block+Bengaluru
The Coco Club - Matcha & More,standalone,Sarjapur Road,4.0,"Healthy Food, Sandwich, Beverages, Tea",600,cafe_or_coffee,14,14,1,False,zomato,https://www.zomato.com/bangalore/the-coco-club-matcha-more-sarjapur-road-bangalore/info,,,,,unmatched,https://www.google.com/maps/search/?api=1&query=The+Coco+Club+-+Matcha+%26+More+Sarjapur+Road+Bengaluru
154 Breakfast Club,franchise,3 outlets,4.4,"Burger, Cafe, Sandwich, Pancake, Desserts, Coffee, Continental, Pasta",1400,cafe_or_coffee,15,15,14,False,zomato,https://www.zomato.com/bangalore/154-breakfast-club-koramangala-4th-block-bangalore/info,53,12.933281,77.627074,,matched,Any
Full Circle,standalone,Rajarajeshwari Nagar,4.3,"Continental, Asian, North Indian, South Indian, BBQ, Bar Food, Desserts, Cafe",2200,cafe_or_coffee,15,15,4,False,zomato,https://www.zomato.com/bangalore/full-circle-rajarajeshwari-nagar-bangalore/info,8276,12.908694,77.512268,https://linktr.ee/fullcircleblr,matched,https://www.google.com/maps/search/?api=1&query=Full+Circle+Rajarajeshwari+Nagar+Bengaluru
Moi Bakehouse,standalone,HSR,4.2,"Desserts, Bakery, Cake, Coffee, Beverages",1500,cafe_or_coffee,15,15,2,False,zomato,https://www.zomato.com/bangalore/moi-bakehouse-hsr-bangalore/info,,,,,unmatched,https://www.google.com/maps/search/?api=1&query=Moi+Bakehouse+HSR+Bengaluru
The Fat Chef,standalone,Whitefield,4.1,"Italian, Desserts, Beverages, European, American, Cafe, Salad, Burmese",1400,cafe_or_coffee,15,15,2,False,zomato,https://www.zomato.com/bangalore/the-fat-chef-whitefield-bangalore/info,,,,,unmatched,https://www.google.com/maps/search/?api=1&query=The+Fat+Chef+Whitefield+Bengaluru
Tim Hortons,franchise,3 outlets,4.4,"Cafe, Coffee, Beverages, Desserts, Sandwich, Fast Food",1000,cafe_or_coffee,16,16,41,False,zomato,https://www.zomato.com/bangalore/tim-hortons-hebbal-bangalore/info,23210,13.070563,77.590665,,matched,Any
Third Wave Coffee,franchise,19 outlets,4.4,"Cafe, Coffee, Sandwich, Pizza, Fast Food, Tea, Beverages",900,cafe_or_coffee,16,16,38,False,zomato,https://www.zomato.com/bangalore/third-wave-coffee-1-lavelle-road-bangalore/info,23052,12.978657,77.645291,https://cafe.thirdwavecoffee.in/coffee-cafe-indira-nagar-bengaluru-29970/home?utm_source=FB,matched,Any
Coffee Brewery,franchise,6 outlets,4.3,"Cafe, Fast Food, Bakery, Burger, Beverages, Juices, Salad, Coffee",1900,brewery,16,16,23,False,zomato,https://www.zomato.com/bangalore/coffee-brewery-banashankari-bangalore/info,5780,12.925845,77.66963,http://thecoffeebrewery.com/,matched,Any
Levista Gourmet Studio,standalone,MG Road,4.3,"Cafe, Coffee, Sandwich, Desserts",700,cafe_or_coffee,16,16,23,False,zomato,https://www.zomato.com/bangalore/levista-gourmet-studio-mg-road-bangalore/info,12792,12.97477,77.606415,,matched,https://www.google.com/maps/search/?api=1&query=Levista+Gourmet+Studio+MG+Road+Bengaluru
Fia's Lounge,standalone,Richmond Road,4.9,"Parsi, Cafe, Italian, Pizza, Pasta, Desserts, European, Ice Cream",2600,cafe_or_coffee,16,16,14,False,zomato,https://www.zomato.com/bangalore/fias-lounge-richmond-road-bangalore/info,7773,12.965841,77.602809,,matched,https://www.google.com/maps/search/?api=1&query=Fia%27s+Lounge+Richmond+Road+Bengaluru
The Studio Cafe,standalone,Jayanagar,4.7,Cafe,700,cafe_or_coffee,16,16,14,False,zomato,https://www.zomato.com/bangalore/the-studio-cafe-jayanagar-bangalore/info,,,,,unmatched,https://www.google.com/maps/search/?api=1&query=The+Studio+Cafe+Jayanagar+Bengaluru
11 Grams Coffee Roasters,standalone,Brigade Road,4.6,"Cafe, Coffee, Bakery, Shake, Beverages, French, Italian, Healthy Food",650,cafe_or_coffee,16,16,13,False,zomato,https://www.zomato.com/bangalore/11-grams-coffee-roasters-brigade-road-bangalore/info,,,,,unmatched,https://www.google.com/maps/search/?api=1&query=11+Grams+Coffee+Roasters+Brigade+Road+Bengaluru
Ganache - The Ritz-Carlton,standalone,Residency Road,4.3,"Bakery, Cafe, Beverages, Desserts",1500,cafe_or_coffee,16,16,13,False,zomato,https://www.zomato.com/bangalore/ganache-the-ritz-carlton-residency-road/info,,,,,unmatched,https://www.google.com/maps/search/?api=1&query=Ganache+-+The+Ritz-Carlton+Residency+Road+Bengaluru
Omira,standalone,Indiranagar,4.5,"Pizza, Fast Food, Burger, Desserts, Beverages, Cafe, Tea, Continental",1300,cafe_or_coffee,16,16,12,False,zomato,https://www.zomato.com/bangalore/omira-indiranagar-bangalore/info,15875,12.970249,77.639494,,matched,https://www.google.com/maps/search/?api=1&query=Omira+Indiranagar+Bengaluru
Specialty Coffee House,standalone,Marathahalli,4.6,"Cafe, Sandwich, Coffee, Desserts, Tea, Beverages",1000,cafe_or_coffee,16,16,8,False,zomato,https://www.zomato.com/bangalore/specialty-coffee-house-1-marathahalli-bangalore/info,,,,,unmatched,https://www.google.com/maps/search/?api=1&query=Specialty+Coffee+House+Marathahalli+Bengaluru
Colates Cafe,standalone,Ulsoor,4.3,"Cafe, Sandwich, American, Coffee, Italian, Beverages, Shake",800,cafe_or_coffee,16,16,8,False,zomato,https://www.zomato.com/bangalore/colates-cafe-ulsoor-bangalore/info,5850,12.969858,77.63073,http://www.colatescafe.com/,matched,https://www.google.com/maps/search/?api=1&query=Colates+Cafe+Ulsoor+Bengaluru
Korero Coffee Roasters,standalone,HSR,4.3,"Coffee, Cafe",400,cafe_or_coffee,16,16,7,False,zomato,https://www.zomato.com/bangalore/korero-coffee-roasters-1-hsr-bangalore/info,,,,,unmatched,https://www.google.com/maps/search/?api=1&query=Korero+Coffee+Roasters+HSR+Bengaluru
Ovenly Bliss,standalone,Cunningham Road,4.2,"Cafe, Coffee, Bakery, Fast Food",550,cafe_or_coffee,16,16,6,False,zomato,https://www.zomato.com/bangalore/ovenly-bliss-cunningham-road-bangalore/info,16038,12.986439,77.594938,,matched,https://www.google.com/maps/search/?api=1&query=Ovenly+Bliss+Cunningham+Road+Bengaluru
Cafe Lazy Lad,standalone,Frazer Town,4.2,"Pizza, Fast Food, Beverages, Cafe, Coffee, Continental, Sandwich, Burger",800,cafe_or_coffee,16,16,6,False,zomato,https://www.zomato.com/bangalore/cafe-lazy-lad-frazer-town-bangalore/info,,,,,unmatched,https://www.google.com/maps/search/?api=1&query=Cafe+Lazy+Lad+Frazer+Town+Bengaluru
Wild Vanilla Cafe,standalone,Basavanagudi,4.3,"Cafe, Coffee, Bakery, Italian, Mexican, Fast Food, Desserts, Beverages",600,cafe_or_coffee,16,16,4,False,zomato,https://www.zomato.com/bangalore/wild-vanilla-cafe-basavanagudi-bangalore/info,,,,,unmatched,https://www.google.com/maps/search/?api=1&query=Wild+Vanilla+Cafe+Basavanagudi+Bengaluru
Zoey's,standalone,Sarjapur Road,4.3,"Burger, Beverages, Continental, Pasta, Chinese, Sandwich, Cafe, Desserts",1000,cafe_or_coffee,16,16,4,False,zomato,https://www.zomato.com/bangalore/zoeys-sarjapur-road/info,24691,12.897508,77.717599,,matched,https://www.google.com/maps/search/?api=1&query=Zoey%27s+Sarjapur+Road+Bengaluru
Cafe Aroma Express,standalone,JP Nagar,4.4,"Cafe, Coffee, Sandwich, Fast Food, Desserts",500,cafe_or_coffee,16,16,2,False,zomato,https://www.zomato.com/bangalore/cafe-aroma-express-jp-nagar-bangalore/info,3840,12.910858,77.599228,http://www.cafearomaexpress.com/,matched,https://www.google.com/maps/search/?api=1&query=Cafe+Aroma+Express+JP+Nagar+Bengaluru
Lavonne,franchise,4 outlets,4.5,"Cafe, Desserts, Bakery, Beverages, Pasta, Burger",1300,cafe_or_coffee,17,17,21,False,zomato,https://www.zomato.com/bangalore/lavonne-domlur-bangalore/info,12680,12.989796,77.72766,,matched,Any
Ground Up Coffee,standalone,Jayanagar,4.6,"Coffee, Tea, Cafe, Desserts",500,cafe_or_coffee,17,17,16,False,zomato,https://www.zomato.com/bangalore/ground-up-coffee-jayanagar-bangalore/info,,,,,unmatched,https://www.google.com/maps/search/?api=1&query=Ground+Up+Coffee+Jayanagar+Bengaluru
Chelvies Coffee,standalone,Indiranagar,4.4,"Coffee, Italian, Continental, Fast Food, Desserts, Beverages",1400,cafe_or_coffee,17,17,14,False,zomato,https://www.zomato.com/bangalore/chelvies-coffee-indiranagar-bangalore/info,,,,,unmatched,https://www.google.com/maps/search/?api=1&query=Chelvies+Coffee+Indiranagar+Bengaluru
Melt N' Brew,standalone,HSR,4.8,"Beverages, Cafe, Bakery",600,brewery,17,17,5,False,zomato,https://www.zomato.com/bangalore/melt-n-brew-hsr-bangalore/info,,,,,unmatched,https://www.google.com/maps/search/?api=1&query=Melt+N%27+Brew+HSR+Bengaluru
Brewing Untold Stories,standalone,BTM,4.3,"Cafe, Coffee, Burger, Pizza, Pasta, Wraps, Sandwich, Desserts",1000,brewery,17,17,3,False,zomato,https://www.zomato.com/bangalore/brewing-untold-stories-btm-bangalore/info,,,,,unmatched,https://www.google.com/maps/search/?api=1&query=Brewing+Untold+Stories+BTM+Bengaluru
Nothing Before Coffee,franchise,4 outlets,4.3,"Cafe, Coffee, Desserts, Tea, Shake, Beverages",350,cafe_or_coffee,18,18,57,False,zomato,https://www.zomato.com/bangalore/nothing-before-coffee-2-residency-road-bangalore/info,15713,12.961593,77.716301,,matched,Any
Smoor,franchise,3 outlets,4.5,"Desserts, Bakery, Cafe, Beverages, Ice Cream, Asian, Pasta",1200,cafe_or_coffee,18,18,27,False,zomato,https://www.zomato.com/bangalore/smoor-jayanagar-bangalore/info,19664,13.011584,77.554839,,matched,Any
Tart Cafe,standalone,Brigade Road,4.7,"Cafe, Coffee, Beverages, Fast Food, Healthy Food, Italian, Bakery",800,cafe_or_coffee,18,18,14,False,zomato,https://www.zomato.com/bangalore/tart-cafe-2-brigade-road-bangalore/info,,,,,unmatched,https://www.google.com/maps/search/?api=1&query=Tart+Cafe+Brigade+Road+Bengaluru
Roastea - Curated Coffee And Tea Artisans,franchise,3 outlets,4.6,"Cafe, Coffee, Sandwich, Fast Food, Waffle, Desserts, Juices, Beverages",1500,cafe_or_coffee,18,18,14,False,zomato,https://www.zomato.com/bangalore/roastea-curated-coffee-and-tea-artisans-kalyan-nagar-bangalore/info,,,,,unmatched,Any
Cafe Grey By Dongle & Co,standalone,Indiranagar,4.5,"Cafe, Coffee, Beverages, Continental, Pizza, Italian, Salad, Desserts",1200,cafe_or_coffee,18,18,13,False,zomato,https://www.zomato.com/bangalore/cafe-grey-by-dongle-co-indiranagar-bangalore/info,,,,,unmatched,https://www.google.com/maps/search/?api=1&query=Cafe+Grey+By+Dongle+%26+Co+Indiranagar+Bengaluru
Cafe Azzure,standalone,MG Road,4.1,"Cafe, Continental, Mexican, Italian, Fast Food, Desserts, Beverages",1400,cafe_or_coffee,18,18,12,False,zomato,https://www.zomato.com/bangalore/cafe-azzure-mg-road/info,3847,12.97501,77.607473,http://www.cafeazzure.com/,matched,https://www.google.com/maps/search/?api=1&query=Cafe+Azzure+MG+Road+Bengaluru
Qube Cafe,standalone,Koramangala 4th Block,4.2,"Cafe, Tea, Beverages, Sandwich, Burger, Fast Food, North Indian, Street Food",500,cafe_or_coffee,18,18,9,False,zomato,https://www.zomato.com/bangalore/qube-cafe-koramangala-4th-block-bangalore/info,17272,12.934026,77.629913,,matched,https://www.google.com/maps/search/?api=1&query=Qube+Cafe+Koramangala+4th+Block+Bengaluru
Sukino Cafe & Kitchen,standalone,Banashankari,4.4,"Cafe, Desserts, Burger, Sandwich, Pasta, Pizza",1800,cafe_or_coffee,18,18,7,False,zomato,https://www.zomato.com/bangalore/sukino-cafe-kitchen-1-banashankari-bangalore/info,,,,,unmatched,https://www.google.com/maps/search/?api=1&query=Sukino+Cafe+%26+Kitchen+Banashankari+Bengaluru
Brewtroots Cafe,standalone,HSR,4.2,"Coffee, Juices, Sandwich, Healthy Food, Cafe, Beverages, American, Continental",900,brewery,18,18,7,False,zomato,https://www.zomato.com/bangalore/brewtroots-cafe-hsr-bangalore/info,3502,12.911888,77.639285,,matched,https://www.google.com/maps/search/?api=1&query=Brewtroots+Cafe+HSR+Bengaluru
Cremeux Pizza & Bakery Cafe,standalone,BTM,4.6,"Pizza, Bakery, Cafe, Sandwich, Beverages, Burger",300,cafe_or_coffee,18,18,5,False,zomato,https://www.zomato.com/bangalore/cremeux-pizza-bakery-cafe-btm-bangalore/info,,,,,unmatched,https://www.google.com/maps/search/?api=1&query=Cremeux+Pizza+%26+Bakery+Cafe+BTM+Bengaluru
Healthy Fuel Cafe,standalone,Hennur,4.5,"Pizza, Healthy Food, Cafe, Burger, Beverages",1200,cafe_or_coffee,18,18,5,False,zomato,https://www.zomato.com/bangalore/healthy-fuel-cafe-1-hennur-bangalore/info,9276,13.022239,77.640129,http://www.healthyfuel.in/,matched,https://www.google.com/maps/search/?api=1&query=Healthy+Fuel+Cafe+Hennur+Bengaluru
Creamvilla,standalone,Sarjapur Road,4.4,"Cafe, Desserts, Ice Cream, Waffle, Fast Food, Shake",800,cafe_or_coffee,18,18,4,False,zomato,https://www.zomato.com/bangalore/creamvilla-sarjapur-road-bangalore/info,6103,12.907275,77.694679,http://www.creamvilla.com/,matched,https://www.google.com/maps/search/?api=1&query=Creamvilla+Sarjapur+Road+Bengaluru
"Delifrance - Cafe, Sandwiches & Coffee",standalone,Marathahalli,4.1,"Cafe, Coffee, French, Italian, Continental, Healthy Food, Bakery, Beverages",1000,cafe_or_coffee,18,18,3,False,zomato,https://www.zomato.com/bangalore/delifrance-cafe-sandwiches-coffee-marathahalli-bangalore/info,,,,,unmatched,https://www.google.com/maps/search/?api=1&query=Delifrance+-+Cafe%2C+Sandwiches+%26+Coffee+Marathahalli+Bengaluru
Glen's Bakehouse,franchise,7 outlets,4.3,"Bakery, Cafe, Italian, Continental, Fast Food, Beverages, Desserts",1200,cafe_or_coffee,19,19,24,False,zomato,https://www.zomato.com/bangalore/glens-bakehouse-sarjapur-road-bangalore/info,8551,13.028282,77.572801,,matched,Any
Beyond Bean Coffee,standalone,Brigade Road,4.4,"Cafe, Healthy Food, Coffee",1000,cafe_or_coffee,19,19,12,False,zomato,https://www.zomato.com/bangalore/beyond-bean-coffee-brigade-road-bangalore/info,2658,12.97077,77.60672,,matched,https://www.google.com/maps/search/?api=1&query=Beyond+Bean+Coffee+Brigade+Road+Bengaluru
Natuf Cafe,standalone,Indiranagar,4.4,"Cafe, Coffee, Egyptian, Fast Food, Shake, Beverages",1200,cafe_or_coffee,19,19,9,False,zomato,https://www.zomato.com/bangalore/natuf-cafe-1-indiranagar-bangalore/info,,,,,unmatched,https://www.google.com/maps/search/?api=1&query=Natuf+Cafe+Indiranagar+Bengaluru
Espressoulster Coffee,standalone,Koramangala 4th Block,4.5,"Cafe, Coffee, Bakery, Beverages, Continental, Desserts, Pasta, Sandwich",660,cafe_or_coffee,19,19,8,False,zomato,https://www.zomato.com/bangalore/espressoulster-coffee-2-koramangala-4th-block-bangalore/info,7614,12.934216,77.630219,,matched,https://www.google.com/maps/search/?api=1&query=Espressoulster+Coffee+Koramangala+4th+Block+Bengaluru
Venn,standalone,Kalyan Nagar,4.5,"Italian, Coffee, Desserts, Mediterranean, Mexican, Beverages, Cafe",1500,cafe_or_coffee,19,19,7,False,zomato,https://www.zomato.com/bangalore/venn-kalyan-nagar-bangalore/info,23969,13.022022,77.639933,,matched,https://www.google.com/maps/search/?api=1&query=Venn+Kalyan+Nagar+Bengaluru
Legends Microbrewery,standalone,"Varthur Main Road, Whitefield",4.1,Continental,2500,brewery,19,19,7,False,zomato,https://www.zomato.com/bangalore/legends-microbrewery-varthur-main-road-whitefield-bangalore/info,,,,,unmatched,https://www.google.com/maps/search/?api=1&query=Legends+Microbrewery+Varthur+Main+Road%2C+Whitefield+Bengaluru
Kana By Coffee Mechanics,standalone,HBR Layout,4.5,"Cafe, Continental, Burger, Italian, Desserts, Beverages, Coffee",1000,cafe_or_coffee,19,19,6,False,zomato,https://www.zomato.com/bangalore/kana-by-coffee-mechanics-hbr-layout-bangalore/info,11348,13.02407,77.652077,,matched,https://www.google.com/maps/search/?api=1&query=Kana+By+Coffee+Mechanics+HBR+Layout+Bengaluru
Amagat Garden Cafe,standalone,Ulsoor,4.5,"Cafe, Beverages, Continental, Sandwich, Fast Food, Salad, Desserts",1000,cafe_or_coffee,19,19,6,False,zomato,https://www.zomato.com/bangalore/amagat-garden-cafe-ulsoor-bangalore/info,807,12.984016,77.617405,,matched,https://www.google.com/maps/search/?api=1&query=Amagat+Garden+Cafe+Ulsoor+Bengaluru
Pure & Sure Organic Cafe,standalone,Jayanagar,4.5,"Cafe, North Indian, Asian, Italian, Desserts",1100,cafe_or_coffee,19,19,5,False,zomato,https://www.zomato.com/bangalore/pure-sure-organic-cafe-jayanagar-bangalore/info,,,,,unmatched,https://www.google.com/maps/search/?api=1&query=Pure+%26+Sure+Organic+Cafe+Jayanagar+Bengaluru
Qmin,standalone,Cunningham Road,4.3,"Cafe, Tea, Fast Food, Desserts",600,cafe_or_coffee,19,19,3,False,zomato,https://www.zomato.com/bangalore/qmin-cunningham-road-bangalore/info,,,,,unmatched,https://www.google.com/maps/search/?api=1&query=Qmin+Cunningham+Road+Bengaluru
The Platonic Cafe,standalone,Electronic City,4.4,"Cafe, Coffee, Burger, Beverages, Pasta, Pizza, Shake",600,cafe_or_coffee,19,19,1,False,zomato,https://www.zomato.com/bangalore/the-platonic-cafe-electronic-city-bangalore/info,22745,12.841989,77.652817,,matched,https://www.google.com/maps/search/?api=1&query=The+Platonic+Cafe+Electronic+City+Bengaluru
Costa Coffee,franchise,7 outlets,4.3,"Cafe, Coffee, Sandwich, Desserts, Beverages",400,cafe_or_coffee,20,20,25,False,zomato,https://www.zomato.com/bangalore/costa-coffee-marathahalli-bangalore/info,5996,12.934525,77.6163,,matched,Any
Champaca,standalone,Cunningham Road,4.4,Cafe,600,cafe_or_coffee,20,20,18,False,zomato,https://www.zomato.com/bangalore/champaca-cunningham-road-bangalore/info,,,,,unmatched,https://www.google.com/maps/search/?api=1&query=Champaca+Cunningham+Road+Bengaluru
Cafe Coffee Day,franchise,3 outlets,4.1,"Cafe, Coffee, Tea, Shake, Beverages, Sandwich, Desserts",1000,cafe_or_coffee,20,20,15,False,zomato,https://www.zomato.com/bangalore/cafe-coffee-day-2-lavelle-road-bangalore/info,3886,12.975496,77.641244,http://www.pinterest.com/cafecoffeeday,matched,Any
Syppcoffee,standalone,Jayanagar,4.1,"Cafe, Coffee",450,cafe_or_coffee,20,20,10,False,zomato,https://www.zomato.com/bangalore/syppcoffee-jayanagar-bangalore/info,21556,12.929902,77.582405,,matched,https://www.google.com/maps/search/?api=1&query=Syppcoffee+Jayanagar+Bengaluru
Vida Brazilian Cafe,standalone,Hennur,4.6,"Cafe, Coffee, Brazilian, Cake, Desserts, Shake, Tea, Beverages",1200,cafe_or_coffee,20,20,8,False,zomato,https://www.zomato.com/bangalore/vida-brazilian-cafe-1-hennur-bangalore/info,23997,13.029283,77.632879,,matched,https://www.google.com/maps/search/?api=1&query=Vida+Brazilian+Cafe+Hennur+Bengaluru
Eywa,standalone,Banashankari,4.6,"Continental, Fast Food, Bakery, Coffee, French, Cafe",1200,cafe_or_coffee,20,20,8,False,zomato,https://www.zomato.com/bangalore/eywa-banashankari-bangalore/info,7648,12.929069,77.564659,http://www.eywacafe.com/,matched,https://www.google.com/maps/search/?api=1&query=Eywa+Banashankari+Bengaluru
NYX Lounge Cafe,standalone,MG Road,4.5,"Cafe, Coffee, Tea, Beverages, Italian, Fast Food, Desserts",850,cafe_or_coffee,20,20,8,False,zomato,https://www.zomato.com/bangalore/nyx-lounge-cafe-1-mg-road-bangalore/info,15747,12.974799,77.608459,http://nyx.cafe/,matched,https://www.google.com/maps/search/?api=1&query=NYX+Lounge+Cafe+MG+Road+Bengaluru
Awaki - Matcha experience,standalone,Kalyan Nagar,4.3,"Beverages, Desserts, Cafe, Tea, Continental, Salad, Asian, Japanese",1800,cafe_or_coffee,20,20,7,False,zomato,https://www.zomato.com/bangalore/awaki-matcha-experience-kalyan-nagar-bangalore/info,,,,,unmatched,https://www.google.com/maps/search/?api=1&query=Awaki+-+Matcha+experience+Kalyan+Nagar+Bengaluru
Dialogues Cafe,standalone,Koramangala 4th Block,4.3,"Cafe, Pasta, Salad, Sandwich, Chinese, Desserts, Beverages, North Indian",800,cafe_or_coffee,20,20,6,False,zomato,https://www.zomato.com/bangalore/dialogues-cafe-1-koramangala-4th-block-bangalore/info,6679,12.935349,77.62496,www.dialoguescafe.com,matched,https://www.google.com/maps/search/?api=1&query=Dialogues+Cafe+Koramangala+4th+Block+Bengaluru
Kathe speciality coffee,standalone,HSR,4.5,"Cafe, Coffee, Pasta, Sandwich, Vietnamese",800,cafe_or_coffee,20,20,4,False,zomato,https://www.zomato.com/bangalore/kathe-speciality-coffee-hsr-bangalore/info,,,,,unmatched,https://www.google.com/maps/search/?api=1&query=Kathe+speciality+coffee+HSR+Bengaluru
CAD - Coffee All Day,standalone,Brigade Road,4.3,"Cafe, Coffee, Sandwich, Desserts, Beverages",400,cafe_or_coffee,21,21,19,False,zomato,https://www.zomato.com/bangalore/cad-coffee-all-day-brigade-road-bangalore/info,,,,,unmatched,https://www.google.com/maps/search/?api=1&query=CAD+-+Coffee+All+Day+Brigade+Road+Bengaluru
Byg Brewski Brewing Company,franchise,5 outlets,4.5,"North Indian, Continental, Asian, Pasta, Burger, Fast Food, Desserts, Pizza",2300,brewery,21,21,18,False,zomato,https://www.zomato.com/bangalore/byg-brewski-brewing-company-hennur-bangalore/info,3763,12.913068,77.682999,,matched,Any
Provenance,standalone,Lavelle Road,4.4,"Cafe, Bakery, Desserts, Coffee, Sandwich, Tea, Beverages",800,cafe_or_coffee,21,21,13,False,zomato,https://www.zomato.com/bangalore/provenance-2-lavelle-road-bangalore/info,,,,,unmatched,https://www.google.com/maps/search/?api=1&query=Provenance+Lavelle+Road+Bengaluru
Coffee Chemistry,standalone,Jayanagar,4.4,"Cafe, Beverages, Italian",1000,cafe_or_coffee,21,21,8,False,zomato,https://www.zomato.com/bangalore/coffee-chemistry-jayanagar-bangalore/info,5787,12.923393,77.573414,,matched,https://www.google.com/maps/search/?api=1&query=Coffee+Chemistry+Jayanagar+Bengaluru
Cafe Arabica,standalone,Frazer Town,4.4,"Cafe, Bakery, Fast Food, Beverages, Arabic, Desserts, Burger, Sandwich",850,cafe_or_coffee,21,21,8,False,zomato,https://www.zomato.com/bangalore/cafe-arabica-frazer-town/info,3839,12.999503,77.61613,http://www.cafearabica.co.in/,matched,https://www.google.com/maps/search/?api=1&query=Cafe+Arabica+Frazer+Town+Bengaluru
The Kind Roastery & Brew Room,standalone,Bellandur,4.6,"Cafe, Coffee, Desserts, Asian, Pizza, Tea, Beverages, Pasta",1500,brewery,21,21,7,False,zomato,https://www.zomato.com/bangalore/the-kind-roastery-brew-room-bellandur-bangalore/info,24712,,,https://zolostays.com/blog/cafes-in-bangalore/,matched,https://www.google.com/maps/search/?api=1&query=The+Kind+Roastery+%26+Brew+Room+Bellandur+Bengaluru
SOL55 - Community Bar,standalone,Koramangala 4th Block,4.3,"Continental, Chinese, North Indian, South Indian, Pizza, Desserts, Cafe, Italian",1200,cafe_or_coffee,21,21,6,False,zomato,https://www.zomato.com/bangalore/sol55-community-bar-koramangala-4th-block-bangalore/info,19749,12.93137,77.623154,,matched,https://www.google.com/maps/search/?api=1&query=SOL55+-+Community+Bar+Koramangala+4th+Block+Bengaluru
Healthy Fuel,standalone,Kalyan Nagar,4.6,"Healthy Food, Cafe, Beverages, Juices, Sandwich, Shake",500,cafe_or_coffee,21,21,5,False,zomato,https://www.zomato.com/bangalore/healthy-fuel-kalyan-nagar-bangalore/info,9276,13.022239,77.640129,http://www.healthyfuel.in/,matched,https://www.google.com/maps/search/?api=1&query=Healthy+Fuel+Kalyan+Nagar+Bengaluru
Olive and Chai,standalone,Banashankari,4.1,"Cafe, Coffee, Pasta, Pizza, Sandwich, Burger, Desserts, Tea",750,cafe_or_coffee,21,21,4,False,zomato,https://www.zomato.com/bangalore/olive-and-chai-banashankari-bangalore/info,,,,,unmatched,https://www.google.com/maps/search/?api=1&query=Olive+and+Chai+Banashankari+Bengaluru
Bodhi Coffee,standalone,JP Nagar,4.1,"Beverages, Desserts, Cafe, Salad, Coffee, Continental, Japanese, Sandwich",950,cafe_or_coffee,21,21,3,False,zomato,https://www.zomato.com/bangalore/bodhi-coffee-jp-nagar-bangalore/info,3277,12.90778,77.576447,http://www.bodhicoffee.in/,matched,https://www.google.com/maps/search/?api=1&query=Bodhi+Coffee+JP+Nagar+Bengaluru
Wall Of Waffles,standalone,Sarjapur Road,4.4,"Beverages, Cafe, Coffee, Fast Food, Italian, Pancake, Waffle, Turkish",700,cafe_or_coffee,21,21,2,False,zomato,https://www.zomato.com/bangalore/wall-of-waffles-sarjapur-road-bangalore/info,24185,12.874756,77.766588,,matched,https://www.google.com/maps/search/?api=1&query=Wall+Of+Waffles+Sarjapur+Road+Bengaluru
Namma Ajji Mane,standalone,Kumaraswamy Layout,4.0,"Healthy Food, Pizza, Sandwich, Fast Food, Street Food, Coffee, Tea, Beverages",1000,cafe_or_coffee,21,21,2,False,zomato,https://www.zomato.com/bangalore/namma-ajji-mane-kumaraswamy-layout-bangalore/info,,,,,unmatched,https://www.google.com/maps/search/?api=1&query=Namma+Ajji+Mane+Kumaraswamy+Layout+Bengaluru
Myka Cafe & Boutique,standalone,Rajarajeshwari Nagar,4.0,"Cafe, Coffee, Burger, Continental, Pizza, Asian, Salad, Desserts",1000,cafe_or_coffee,21,21,2,False,zomato,https://www.zomato.com/bangalore/myka-cafe-boutique-rajarajeshwari-nagar-bangalore/info,,,,,unmatched,https://www.google.com/maps/search/?api=1&query=Myka+Cafe+%26+Boutique+Rajarajeshwari+Nagar+Bengaluru
Mūru Mūru,standalone,Indiranagar,4.8,"Cafe, Coffee, North Indian, Mexican, Fast Food, Desserts, Beverages",1000,cafe_or_coffee,22,22,15,False,zomato,https://www.zomato.com/bangalore/m-ru-m-ru-1-indiranagar-bangalore/info,14620,12.982184,77.637846,,matched,https://www.google.com/maps/search/?api=1&query=M%C5%ABru+M%C5%ABru+Indiranagar+Bengaluru
Matteo Coffea,standalone,Church Street,4.5,"Cafe, American, Fast Food, Pasta, Burger, Beverages, Desserts",700,cafe_or_coffee,22,22,11,False,zomato,https://www.zomato.com/bangalore/matteo-coffea-church-street/info,13745,12.97828,77.643814,http://www.matteocoffea.com,matched,https://www.google.com/maps/search/?api=1&query=Matteo+Coffea+Church+Street+Bengaluru
The Brown Table,standalone,Malleshwaram,4.5,"Cafe, Mexican, Coffee, Continental",1400,cafe_or_coffee,22,22,8,False,zomato,https://www.zomato.com/bangalore/the-brown-table-1-malleshwaram-bangalore/info,22194,13.014507,77.574331,,matched,https://www.google.com/maps/search/?api=1&query=The+Brown+Table+Malleshwaram+Bengaluru
Offbeat,standalone,Jayanagar,4.0,"Cafe, Coffee, Continental, Desserts",1000,cafe_or_coffee,22,22,8,False,zomato,https://www.zomato.com/bangalore/offbeat-jayanagar-bangalore/info,15783,12.92666,77.578064,https://www.offbeatstudio.cafe/,matched,https://www.google.com/maps/search/?api=1&query=Offbeat+Jayanagar+Bengaluru
Brewsom Coffee,standalone,Kalyan Nagar,4.6,"Cafe, Coffee, Shake, Fast Food, Sandwich",600,brewery,22,22,4,False,zomato,https://www.zomato.com/bangalore/brewsom-coffee-kalyan-nagar-bangalore/info,3501,13.021154,77.651908,,matched,https://www.google.com/maps/search/?api=1&query=Brewsom+Coffee+Kalyan+Nagar+Bengaluru
Nouvo,standalone,Rajarajeshwari Nagar,4.4,"Bakery, Cafe, Coffee, Sandwich, Pizza, North Indian, Fast Food, Beverages",1000,cafe_or_coffee,22,22,3,False,zomato,https://www.zomato.com/bangalore/nouvo-rajarajeshwari-nagar-bangalore/info,,,,,unmatched,https://www.google.com/maps/search/?api=1&query=Nouvo+Rajarajeshwari+Nagar+Bengaluru
Vanillaa Bakery & Cafe,standalone,Rajajinagar,4.5,"Cafe, Coffee, Bakery, Desserts, Pizza, Fast Food, Shake, Beverages",850,cafe_or_coffee,22,22,2,False,zomato,https://www.zomato.com/bangalore/vanillaa-bakery-cafe-rajajinagar-bangalore/info,23866,12.998931,77.550312,https://vanillaablr.com/,matched,https://www.google.com/maps/search/?api=1&query=Vanillaa+Bakery+%26+Cafe+Rajajinagar+Bengaluru
Amare,standalone,JP Nagar,4.4,"Bakery, Desserts, Ice Cream, Cake, Cafe, Pancake",1300,cafe_or_coffee,22,22,2,False,zomato,https://www.zomato.com/bangalore/amare-4-jp-nagar-bangalore/info,823,12.906486,77.580345,,matched,https://www.google.com/maps/search/?api=1&query=Amare+JP+Nagar+Bengaluru
The Bon Coffee,standalone,Yelahanka,4.5,"Cafe, Coffee, Fast Food, Tea, Beverages",700,cafe_or_coffee,22,22,1,False,zomato,https://www.zomato.com/bangalore/the-bon-coffee-yelahanka-bangalore/info,22174,13.103639,77.575383,,matched,https://www.google.com/maps/search/?api=1&query=The+Bon+Coffee+Yelahanka+Bengaluru
Seben - Pan Asian Restaurant,standalone,Banashankari,4.4,"Asian, Thai, Chinese, Seafood, Momos, Fast Food, Tea, Beverages",1000,cafe_or_coffee,22,22,1,False,zomato,https://www.zomato.com/bangalore/seben-pan-asian-restaurant-banashankari-bangalore/info,18680,12.93195,77.541847,,matched,https://www.google.com/maps/search/?api=1&query=Seben+-+Pan+Asian+Restaurant+Banashankari+Bengaluru
Kreme Kultura,standalone,Kammanahalli,4.0,"Cafe, Coffee, Desserts, Tea, Beverages",500,cafe_or_coffee,23,23,12,False,zomato,https://www.zomato.com/bangalore/kreme-kultura-kammanahalli-bangalore/info,12208,13.015422,77.633486,https://kremekultura.com/,matched,https://www.google.com/maps/search/?api=1&query=Kreme+Kultura+Kammanahalli+Bengaluru
The Brownie Circles,standalone,Indiranagar,4.5,"Cafe, Coffee, Desserts, Bakery, Beverages, Cake, Ice Cream, Shake",600,cafe_or_coffee,23,23,8,False,zomato,https://www.zomato.com/bangalore/the-brownie-circles-indiranagar-bangalore/info,,,,,unmatched,https://www.google.com/maps/search/?api=1&query=The+Brownie+Circles+Indiranagar+Bengaluru
Adhira & Appa Coffee,standalone,JP Nagar,4.3,"Coffee, Cafe, Fast Food, Bakery, Desserts, Shake, Waffle",800,cafe_or_coffee,23,23,5,False,zomato,https://www.zomato.com/bangalore/adhira-appa-coffee-jp-nagar-bangalore/info,420,12.919571,77.668258,,matched,https://www.google.com/maps/search/?api=1&query=Adhira+%26+Appa+Coffee+JP+Nagar+Bengaluru
Kerbside Bistro,standalone,Sadashiv Nagar,4.5,"Cafe, Continental, Italian, American, Fast Food, Desserts, Beverages",900,cafe_or_coffee,23,23,4,False,zomato,https://www.zomato.com/bangalore/kerbside-bistro-sadashiv-nagar-bangalore/info,11664,13.007781,77.577939,,matched,https://www.google.com/maps/search/?api=1&query=Kerbside+Bistro+Sadashiv+Nagar+Bengaluru
Maverick & Farmer Coffee,standalone,Koramangala 4th Block,4.5,"Cafe, Sandwich, Fast Food, Salad, Burger, Italian, Desserts, Beverages",1000,cafe_or_coffee,23,23,3,False,zomato,https://www.zomato.com/bangalore/maverick-farmer-coffee-koramangala-4th-block-bangalore/info,,,,,unmatched,https://www.google.com/maps/search/?api=1&query=Maverick+%26+Farmer+Coffee+Koramangala+4th+Block+Bengaluru
Maverick & Farmer Coffee,standalone,Cunningham Road,4.3,"Cafe, American, Beverages, Desserts",1000,cafe_or_coffee,23,23,3,False,zomato,https://www.zomato.com/bangalore/maverick-farmer-coffee-cunningham-road-bangalore/info,13764,12.987341,77.593435,https://www.maverickandfarmer.com/,matched,https://www.google.com/maps/search/?api=1&query=Maverick+%26+Farmer+Coffee+Cunningham+Road+Bengaluru
Chin Lung Brewery,standalone,Indiranagar,4.1,"Bar Food, Beverages",2100,brewery,23,23,2,False,zomato,https://www.zomato.com/bangalore/chin-lung-brewery-indiranagar-bangalore/info,5426,12.96927,77.641669,,matched,https://www.google.com/maps/search/?api=1&query=Chin+Lung+Brewery+Indiranagar+Bengaluru
MixNosh,standalone,Jayanagar,4.0,"Italian, Continental, Fast Food, Coffee, Desserts, Shake, Sandwich, Cafe",1000,cafe_or_coffee,23,23,2,False,zomato,https://www.zomato.com/bangalore/mixnosh-jayanagar-bangalore/info,,,,,unmatched,https://www.google.com/maps/search/?api=1&query=MixNosh+Jayanagar+Bengaluru
HumbleBean Coffee,standalone,Indiranagar,4.2,"Cake, Cafe, Beverages, Coffee, Bakery, Healthy Food, Desserts, Sandwich",1000,cafe_or_coffee,24,24,10,False,zomato,https://www.zomato.com/bangalore/humblebean-coffee-indiranagar-bangalore/info,9985,12.969133,77.635859,https://humblebeancoffee.com,matched,https://www.google.com/maps/search/?api=1&query=HumbleBean+Coffee+Indiranagar+Bengaluru
Hustle,standalone,HSR,4.8,"Cafe, Coffee, Tea, Pizza, Pasta, Sandwich, Fast Food, Continental",1600,cafe_or_coffee,24,24,6,False,zomato,https://www.zomato.com/bangalore/hustle-hsr-bangalore/info,10031,12.909097,77.642541,https://www.zomato.com/bangalore/hustle-hsr-bangalore,matched,https://www.google.com/maps/search/?api=1&query=Hustle+HSR+Bengaluru
The Caffeine Baar,standalone,Jayanagar,4.4,"Cafe, Italian, Continental, Bakery, Desserts, Beverages",950,cafe_or_coffee,24,24,4,False,zomato,https://www.zomato.com/bangalore/the-caffeine-baar-jayanagar-bangalore/info,,,,,unmatched,https://www.google.com/maps/search/?api=1&query=The+Caffeine+Baar+Jayanagar+Bengaluru
Cafe Kampu - Specialty Coffee Shop,standalone,Hennur,4.3,"Cafe, Coffee, Continental, Italian, Fast Food, Tea, Beverages",1000,cafe_or_coffee,24,24,4,False,zomato,https://www.zomato.com/bangalore/cafe-kampu-specialty-coffee-shop-hennur-bangalore/info,,,,,unmatched,https://www.google.com/maps/search/?api=1&query=Cafe+Kampu+-+Specialty+Coffee+Shop+Hennur+Bengaluru
Namma Ashram Cafe,standalone,Whitefield,4.4,"Cafe, Coffee, Continental, Healthy Food, North Indian, Italian, Desserts, Beverages",1100,cafe_or_coffee,24,24,2,False,zomato,https://www.zomato.com/bangalore/namma-ashram-cafe-1-whitefield-bangalore/info,14831,12.960034,77.732566,,matched,https://www.google.com/maps/search/?api=1&query=Namma+Ashram+Cafe+Whitefield+Bengaluru
The Lobby Lounge,standalone,Vasanth Nagar,4.5,"Cafe, Coffee, Continental, South Indian, Fast Food, Desserts, Tea, Beverages",3000,cafe_or_coffee,25,25,18,False,zomato,https://www.zomato.com/bangalore/the-lobby-lounge-vasanth-nagar-bangalore/info,,,,,unmatched,https://www.google.com/maps/search/?api=1&query=The+Lobby+Lounge+Vasanth+Nagar+Bengaluru
Got Tea,franchise,3 outlets,4.4,"Cafe, Coffee, Tea, Bubble Tea",1000,cafe_or_coffee,25,25,10,False,zomato,https://www.zomato.com/bangalore/got-tea-kalyan-nagar-bangalore/info,8769,13.023544,77.639933,https://location-data-api.singleinterface.com/storepages/got-tea-hrbr-cafe-kalyan-nagar-bengaluru-463448,matched,Any
Story Coffee & Bistro,standalone,Indiranagar,4.4,"Cafe, Coffee, Sandwich, Continental, Fast Food, Shake, Tea, Beverages",600,cafe_or_coffee,25,25,9,False,zomato,https://www.zomato.com/bangalore/story-coffee-bistro-indiranagar-bangalore/info,,,,,unmatched,https://www.google.com/maps/search/?api=1&query=Story+Coffee+%26+Bistro+Indiranagar+Bengaluru
Chaska Bun Cafe & Lounge,standalone,Jayanagar,4.3,"Cafe, Fast Food",500,cafe_or_coffee,25,25,4,False,zomato,https://www.zomato.com/bangalore/chaska-bun-cafe-lounge-jayanagar-bangalore/info,,,,,unmatched,https://www.google.com/maps/search/?api=1&query=Chaska+Bun+Cafe+%26+Lounge+Jayanagar+Bengaluru
Klayworkz Barista,standalone,JP Nagar,4.3,"Cafe, Shake, Beverages, Italian, Continental, Oriental, North Indian",1000,cafe_or_coffee,25,25,2,False,zomato,https://www.zomato.com/bangalore/klayworkz-barista-jp-nagar-bangalore/info,12043,12.90681,77.59956,https://www.theworldonurplate.com/,matched,https://www.google.com/maps/search/?api=1&query=Klayworkz+Barista+JP+Nagar+Bengaluru
Ajji House by Subko,standalone,Shanti Nagar,4.6,"Coffee, Cafe, Desserts",2400,cafe_or_coffee,26,26,16,False,zomato,https://www.zomato.com/bangalore/ajji-house-by-subko-shanti-nagar-bangalore/info,613,12.958496,77.592754,https://www.subko.coffee,matched,https://www.google.com/maps/search/?api=1&query=Ajji+House+by+Subko+Shanti+Nagar+Bengaluru
Tea And Wine Lounge - Radisson Blu Atria,standalone,Race Course Road,4.4,"Cafe, Fast Food, Desserts, Beverages",1500,cafe_or_coffee,26,26,9,False,zomato,https://www.zomato.com/bangalore/tea-and-wine-lounge-radisson-blu-atria-race-course-road-bangalore/info,,,,,unmatched,https://www.google.com/maps/search/?api=1&query=Tea+And+Wine+Lounge+-+Radisson+Blu+Atria+Race+Course+Road+Bengaluru
True Brew Cafe & Restaurant,standalone,Indiranagar,4.4,"Bakery, Cafe, Desserts, Continental, American, Pasta, Sandwich, Coffee",700,brewery,26,26,7,False,zomato,https://www.zomato.com/bangalore/true-brew-cafe-restaurant-1-indiranagar-bangalore/info,,,,,unmatched,https://www.google.com/maps/search/?api=1&query=True+Brew+Cafe+%26+Restaurant+Indiranagar+Bengaluru
Bogineni Coffee,standalone,Seegehalli,4.3,"Cafe, Coffee, Beverages",400,cafe_or_coffee,26,26,4,False,zomato,https://www.zomato.com/bangalore/bogineni-coffee-seegehalli-bangalore/info,,,,,unmatched,https://www.google.com/maps/search/?api=1&query=Bogineni+Coffee+Seegehalli+Bengaluru
Clean Slate Cafe,standalone,Malleshwaram,4.3,"Cafe, Coffee, Pasta, Continental, Burger, Fast Food, Pizza, Desserts",850,cafe_or_coffee,26,26,4,False,zomato,https://www.zomato.com/bangalore/clean-slate-cafe-malleshwaram/info,5663,13.0044,77.570632,,matched,https://www.google.com/maps/search/?api=1&query=Clean+Slate+Cafe+Malleshwaram+Bengaluru
Zenforest Coffee Roasters,standalone,Kodegihalli,4.6,"Beverages, Coffee, Bakery",700,cafe_or_coffee,26,26,2,False,zomato,https://www.zomato.com/bangalore/zenforest-coffee-roasters-kodegihalli-bangalore/info,24660,13.057176,77.588712,http://www.zenforestcoffee.com/,matched,https://www.google.com/maps/search/?api=1&query=Zenforest+Coffee+Roasters+Kodegihalli+Bengaluru
Nuha Patisserie & Cafe,standalone,Indiranagar,4.1,"Desserts, Bakery, Pasta, Pizza, Fast Food, Waffle, Coffee",1800,cafe_or_coffee,26,26,2,False,zomato,https://www.zomato.com/bangalore/nuha-patisserie-cafe-1-indiranagar-bangalore/info,,,,,unmatched,https://www.google.com/maps/search/?api=1&query=Nuha+Patisserie+%26+Cafe+Indiranagar+Bengaluru
The Fit Cafe,standalone,Yelahanka,4.3,"Sandwich, Cafe, Beverages, Healthy Food, Salad",200,cafe_or_coffee,26,26,1,False,zomato,https://www.zomato.com/bangalore/the-fit-cafe-yelahanka-bangalore/info,,,,,unmatched,https://www.google.com/maps/search/?api=1&query=The+Fit+Cafe+Yelahanka+Bengaluru
Silaa The Garden Cafe,standalone,Sankey Road,4.0,"Cafe, Coffee, Continental, Goan, Mexican, Italian, Fast Food, Beverages",1000,cafe_or_coffee,27,27,13,False,zomato,https://www.zomato.com/bangalore/silaa-the-garden-cafe-sankey-road-bangalore/info,,,,,unmatched,https://www.google.com/maps/search/?api=1&query=Silaa+The+Garden+Cafe+Sankey+Road+Bengaluru
Great Britain Waffle,standalone,Kammanahalli,4.2,"Cafe, Coffee, Waffle, Pancake",300,cafe_or_coffee,27,27,12,False,zomato,https://www.zomato.com/bangalore/great-britain-waffle-kammanahalli-bangalore/info,,,,,unmatched,https://www.google.com/maps/search/?api=1&query=Great+Britain+Waffle+Kammanahalli+Bengaluru
Breads And Banter,standalone,AECS Layout,4.4,"American, Cafe, Continental, Pizza, Pasta, Fast Food, Desserts, Beverages",950,cafe_or_coffee,27,27,2,False,zomato,https://www.zomato.com/bangalore/breads-and-banter-aecs-layout-bangalore/info,,,,,unmatched,https://www.google.com/maps/search/?api=1&query=Breads+And+Banter+AECS+Layout+Bengaluru
The Flour Affair,standalone,New BEL Road,4.2,"Bakery, Coffee",1200,cafe_or_coffee,27,27,2,False,zomato,https://www.zomato.com/bangalore/the-flour-affair-new-bel-road-bangalore/info,,,,,unmatched,https://www.google.com/maps/search/?api=1&query=The+Flour+Affair+New+BEL+Road+Bengaluru
Uutopia Cafe,standalone,Whitefield,4.1,"Cafe, Fast Food, Desserts, Beverages",900,cafe_or_coffee,27,27,2,False,zomato,https://www.zomato.com/bangalore/uutopia-cafe-whitefield-bangalore/info,,,,,unmatched,https://www.google.com/maps/search/?api=1&query=Uutopia+Cafe+Whitefield+Bengaluru
Cafe 60 Four 2.0,standalone,Yelahanka,4.3,"Cafe, Chinese, Fast Food, Sandwich, Burger, Beverages, Desserts",600,cafe_or_coffee,27,27,1,False,zomato,https://www.zomato.com/bangalore/cafe-60-four-2-0-yelahanka-bangalore/info,,,,,unmatched,https://www.google.com/maps/search/?api=1&query=Cafe+60+Four+2.0+Yelahanka+Bengaluru
Pot Head,standalone,Whitefield,4.2,"Cafe, Coffee, Beverages, Continental, Asian, Thai, Fast Food, Desserts",1400,cafe_or_coffee,28,28,2,False,zomato,https://www.zomato.com/bangalore/pot-head-whitefield-bangalore/info,,,,,unmatched,https://www.google.com/maps/search/?api=1&query=Pot+Head+Whitefield+Bengaluru
Odd Beans,standalone,BTM,4.0,"Bakery, Coffee",600,cafe_or_coffee,28,28,1,False,zomato,https://www.zomato.com/bangalore/odd-beans-1-btm-bangalore/info,,,,,unmatched,https://www.google.com/maps/search/?api=1&query=Odd+Beans+BTM+Bengaluru
Seven Rivers Brewing Co - Taj,standalone,MG Road,4.3,"North Indian, European, Salad, Finger Food, Beverages, Desserts",3300,brewery,29,29,24,False,zomato,https://www.zomato.com/bangalore/seven-rivers-brewing-co-taj-mg-road-bangalore/info,,,,,unmatched,https://www.google.com/maps/search/?api=1&query=Seven+Rivers+Brewing+Co+-+Taj+MG+Road+Bengaluru
Beanlore,standalone,Indiranagar,4.2,"Cafe, Coffee, Tea, Beverages, Desserts",1300,cafe_or_coffee,29,29,16,False,zomato,https://www.zomato.com/bangalore/beanlore-indiranagar-bangalore/info,,,,,unmatched,https://www.google.com/maps/search/?api=1&query=Beanlore+Indiranagar+Bengaluru
Belle Ville Pancake Cafe,standalone,Mahadevapura,4.4,"Cafe, Desserts, Pancake",300,cafe_or_coffee,29,7,11,False,zomato,https://www.zomato.com/bangalore/belle-ville-pancake-cafe-1-mahadevapura-bangalore/info,,,,,unmatched,https://www.google.com/maps/search/?api=1&query=Belle+Ville+Pancake+Cafe+Mahadevapura+Bengaluru
Happen,standalone,BTM,4.5,"Coffee, Cafe, Desserts",500,cafe_or_coffee,29,29,7,False,zomato,https://www.zomato.com/bangalore/happen-btm-bangalore/info,,,,,unmatched,https://www.google.com/maps/search/?api=1&query=Happen+BTM+Bengaluru
Cafe Muziris,standalone,Indiranagar,4.4,"Cafe, Coffee, Beverages, Continental, Sandwich, Fast Food, Healthy Food, Ice Cream",1000,cafe_or_coffee,29,29,6,False,zomato,https://www.zomato.com/bangalore/cafe-muziris-1-indiranagar-bangalore/info,,,,,unmatched,https://www.google.com/maps/search/?api=1&query=Cafe+Muziris+Indiranagar+Bengaluru
Coffea Brew On The Rocks,standalone,Koramangala 7th Block,4.4,"Beverages, Cafe, Coffee, Desserts, Italian, Pizza, Sandwich, Bakery",600,brewery,29,29,6,False,zomato,https://www.zomato.com/bangalore/coffea-brew-on-the-rocks-koramangala-7th-block-bangalore/info,,,,,unmatched,https://www.google.com/maps/search/?api=1&query=Coffea+Brew+On+The+Rocks+Koramangala+7th+Block+Bengaluru
Beanlore,standalone,HSR,4.0,"Cafe, Coffee, Tea, Beverages, Desserts",1300,cafe_or_coffee,29,29,5,False,zomato,https://www.zomato.com/bangalore/beanlore-hsr-bangalore/info,,,,,unmatched,https://www.google.com/maps/search/?api=1&query=Beanlore+HSR+Bengaluru
Nivys Resto Cafe,standalone,HSR,4.2,"Cafe, Fast Food, Healthy Food, Mexican, Thai, Korean, Italian, Beverages",1100,cafe_or_coffee,29,29,4,False,zomato,https://www.zomato.com/bangalore/nivys-resto-cafe-4-hsr-bangalore/info,,,,,unmatched,https://www.google.com/maps/search/?api=1&query=Nivys+Resto+Cafe+HSR+Bengaluru
The Brownie Circles,standalone,Kalyan Nagar,4.0,"Cafe, Coffee, Desserts, Bakery, Beverages, Cake, Ice Cream, Shake",600,cafe_or_coffee,29,29,4,False,zomato,https://www.zomato.com/bangalore/the-brownie-circles-kalyan-nagar-bangalore/info,,,,,unmatched,https://www.google.com/maps/search/?api=1&query=The+Brownie+Circles+Kalyan+Nagar+Bengaluru
La Grace - The Caffeine House,standalone,Koramangala 5th Block,4.1,"Cafe, Coffee, Continental",700,cafe_or_coffee,30,30,27,False,zomato,https://www.zomato.com/bangalore/la-grace-the-caffeine-house-koramangala-5th-block-bangalore/info,,,,,unmatched,https://www.google.com/maps/search/?api=1&query=La+Grace+-+The+Caffeine+House+Koramangala+5th+Block+Bengaluru
Mitico Coffee Roasters,standalone,Koramangala 5th Block,4.4,"Cafe, Coffee, Pasta, North Indian, Salad, Shake, Pizza, Beverages",1000,cafe_or_coffee,30,30,6,False,zomato,https://www.zomato.com/bangalore/mitico-coffee-roasters-koramangala-5th-block-bangalore/info,14261,12.933447,77.615067,,matched,https://www.google.com/maps/search/?api=1&query=Mitico+Coffee+Roasters+Koramangala+5th+Block+Bengaluru
Socialize,standalone,Basaveshwara Nagar,4.1,"Cafe, Italian, Continental, Healthy Food, Fast Food, Beverages, Desserts, Shake",850,cafe_or_coffee,30,30,5,False,zomato,https://www.zomato.com/bangalore/socialize-basaveshwara-nagar-bangalore/info,19733,12.992611,77.539193,,matched,https://www.google.com/maps/search/?api=1&query=Socialize+Basaveshwara+Nagar+Bengaluru
Blanc The Coffee Place,standalone,Gandhi Nagar,4.4,"Cafe, Coffee, Beverages, Fast Food",2600,cafe_or_coffee,31,30,33,False,zomato,https://www.zomato.com/bangalore/blanc-the-coffee-place-gandhi-nagar-bangalore/info,3133,12.985053,77.579106,,matched,https://www.google.com/maps/search/?api=1&query=Blanc+The+Coffee+Place+Gandhi+Nagar+Bengaluru
Isobel,standalone,Jayanagar,4.0,"Cafe, Continental, Italian, Beverages, Coffee",800,cafe_or_coffee,31,31,13,False,zomato,https://www.zomato.com/bangalore/isobel-1-jayanagar-bangalore/info,,,,,unmatched,https://www.google.com/maps/search/?api=1&query=Isobel+Jayanagar+Bengaluru
Aarna - Modern Day Dining & Cafe,standalone,Sarjapur Road,4.5,"Cafe, Coffee, North Indian, Chinese, Continental, Healthy Food, Shake, Beverages",1500,cafe_or_coffee,31,31,6,False,zomato,https://www.zomato.com/bangalore/aarna-modern-day-dining-cafe-sarjapur-road-bangalore/info,309,12.909481,77.663979,,matched,https://www.google.com/maps/search/?api=1&query=Aarna+-+Modern+Day+Dining+%26+Cafe+Sarjapur+Road+Bengaluru
Nombre - Speciality coffee,standalone,JP Nagar,4.6,"Cafe, Healthy Food, Sandwich",1400,cafe_or_coffee,31,31,5,False,zomato,https://www.zomato.com/bangalore/nombre-speciality-coffee-jp-nagar-bangalore/info,,,,,unmatched,https://www.google.com/maps/search/?api=1&query=Nombre+-+Speciality+coffee+JP+Nagar+Bengaluru
The Pet People Cafe,standalone,HSR,4.8,"Cafe, Beverages, American, Italian, Asian, Desserts, Bakery, Coffee",1500,cafe_or_coffee,31,31,4,False,zomato,https://www.zomato.com/bangalore/the-pet-people-cafe-hsr-bangalore/info,22726,12.918027,77.644867,http://www.thepetpeoplecafe.com/,matched,https://www.google.com/maps/search/?api=1&query=The+Pet+People+Cafe+HSR+Bengaluru
Fresh Pressery Cafe,standalone,Koramangala 5th Block,4.4,"Cafe, Healthy Food, Fast Food, Sandwich, Beverages, Desserts",1000,cafe_or_coffee,31,31,3,False,zomato,https://www.zomato.com/bangalore/fresh-pressery-cafe-koramangala-5th-block/info,,,,,unmatched,https://www.google.com/maps/search/?api=1&query=Fresh+Pressery+Cafe+Koramangala+5th+Block+Bengaluru
33&Brew,standalone,Brookefield,4.3,"Burger, Beverages, Sandwich, Desserts",2500,brewery,31,31,3,False,zomato,https://www.zomato.com/bangalore/33-brew-1-brookefield-bangalore/info,116,12.973298,77.709889,,matched,https://www.google.com/maps/search/?api=1&query=33%26Brew+Brookefield+Bengaluru
Canvas And Beans,standalone,Sahakara Nagar,4.0,"Cafe, Beverages, Fast Food, North Indian, Street Food, Desserts",600,cafe_or_coffee,31,31,2,False,zomato,https://www.zomato.com/bangalore/canvas-and-beans-sahakara-nagar-bangalore/info,4688,13.063467,77.590141,http://www.canvasnbeans.com/,matched,https://www.google.com/maps/search/?api=1&query=Canvas+And+Beans+Sahakara+Nagar+Bengaluru
Fika Sip Savor,standalone,Sahakara Nagar,4.7,"Coffee, Desserts, Healthy Food, Salad, Sandwich",1200,cafe_or_coffee,31,31,1,False,zomato,https://www.zomato.com/bangalore/fika-sip-savor-sahakara-nagar-bangalore/info,7782,13.060238,77.58784,,matched,https://www.google.com/maps/search/?api=1&query=Fika+Sip+Savor+Sahakara+Nagar+Bengaluru
Brew Bakes Cafe,standalone,Kalyan Nagar,4.0,Cafe,600,brewery,32,32,10,False,zomato,https://www.zomato.com/bangalore/brew-bakes-cafe-kalyan-nagar/info,3474,12.924714,77.576691,,matched,https://www.google.com/maps/search/?api=1&query=Brew+Bakes+Cafe+Kalyan+Nagar+Bengaluru
Terra Bites,standalone,Koramangala 4th Block,4.4,"Cafe, Coffee, Beverages, Continental, Italian, Salad, Asian, Desserts",1300,cafe_or_coffee,32,32,2,False,zomato,https://www.zomato.com/bangalore/terra-bites-koramangala-4th-block-bangalore/info,21949,12.934272,77.616769,,matched,https://www.google.com/maps/search/?api=1&query=Terra+Bites+Koramangala+4th+Block+Bengaluru
The Lobby Lounge & Terrace - Four Seasons Hotel,standalone,RT Nagar,4.4,"Cafe, Beverages, Desserts",3500,cafe_or_coffee,33,33,11,False,zomato,https://www.zomato.com/bangalore/the-lobby-lounge-terrace-four-seasons-hotel-rt-nagar-bangalore/info,,,,,unmatched,https://www.google.com/maps/search/?api=1&query=The+Lobby+Lounge+%26+Terrace+-+Four+Seasons+Hotel+RT+Nagar+Bengaluru
The Kind Roastery & Brew Room,standalone,Indiranagar,4.5,"Cafe, Coffee, Desserts, Asian, Pizza, Tea, Pasta",1400,brewery,33,33,10,False,zomato,https://www.zomato.com/bangalore/the-kind-roastery-brew-room-indiranagar-bangalore/info,24712,,,https://zolostays.com/blog/cafes-in-bangalore/,matched,https://www.google.com/maps/search/?api=1&query=The+Kind+Roastery+%26+Brew+Room+Indiranagar+Bengaluru
CHEBEL,standalone,JP Nagar,4.1,"Cafe, Desserts, Beverages, Pasta",1400,cafe_or_coffee,33,22,9,False,zomato,https://www.zomato.com/bangalore/chebel-jp-nagar-bangalore/info,,,,,unmatched,https://www.google.com/maps/search/?api=1&query=CHEBEL+JP+Nagar+Bengaluru
Cake House - Story Cafe,standalone,Kalyan Nagar,4.3,"Coffee, Cafe, Bakery, Desserts, Beverages",600,cafe_or_coffee,34,34,4,False,zomato,https://www.zomato.com/bangalore/cake-house-story-cafe-kalyan-nagar-bangalore/info,,,,,unmatched,https://www.google.com/maps/search/?api=1&query=Cake+House+-+Story+Cafe+Kalyan+Nagar+Bengaluru
Cafe Medley,standalone,Koramangala 5th Block,4.5,"Cafe, Coffee, Beverages, Burger, Street Food, Italian, Desserts",800,cafe_or_coffee,34,34,3,False,zomato,https://www.zomato.com/bangalore/cafe-medley-koramangala-5th-block/info,4307,12.933888,77.619614,https://www.dineout.co.in/bangalore/cafe-medley-koramangala-south-bangalore-20582,matched,https://www.google.com/maps/search/?api=1&query=Cafe+Medley+Koramangala+5th+Block+Bengaluru
La Casa Brewery And Kitchen,standalone,Sarjapur Road,4.3,"North Indian, Finger Food, Beverages",2400,brewery,34,28,3,False,zomato,https://www.zomato.com/bangalore/la-casa-brewery-and-kitchen-sarjapur-road-bangalore/info,,,,,unmatched,https://www.google.com/maps/search/?api=1&query=La+Casa+Brewery+And+Kitchen+Sarjapur+Road+Bengaluru
The Caffee X,standalone,Uttarahalli,4.3,"Cafe, Coffee, Continental, Beverages, Healthy Food, Burger, Asian, Chinese",700,cafe_or_coffee,34,34,3,False,zomato,https://www.zomato.com/bangalore/the-caffee-x-uttarahalli-bangalore/info,,,,,unmatched,https://www.google.com/maps/search/?api=1&query=The+Caffee+X+Uttarahalli+Bengaluru
Maxburn Cafe,standalone,Koramangala 4th Block,4.3,"Cafe, Coffee, Bakery, Beverages, Continental, Desserts, Pasta, Sandwich",660,cafe_or_coffee,35,34,9,False,zomato,https://www.zomato.com/bangalore/maxburn-cafe-koramangala-4th-block-bangalore/info,,,,,unmatched,https://www.google.com/maps/search/?api=1&query=Maxburn+Cafe+Koramangala+4th+Block+Bengaluru
Qmin,standalone,Jayanagar,4.5,"Cafe, Tea, Fast Food, Desserts",600,cafe_or_coffee,35,35,4,False,zomato,https://www.zomato.com/bangalore/qmin-jayanagar-bangalore/info,,,,,unmatched,https://www.google.com/maps/search/?api=1&query=Qmin+Jayanagar+Bengaluru
Anaia,standalone,Indiranagar,4.5,"Cafe, Shake, Tea, Sandwich, Burger, Pizza, Beverages",900,cafe_or_coffee,36,36,9,False,zomato,https://www.zomato.com/bangalore/anaia-indiranagar-bangalore/info,1042,12.977047,77.640678,,matched,https://www.google.com/maps/search/?api=1&query=Anaia+Indiranagar+Bengaluru
Iris Cafe & Kitchen,standalone,JP Nagar,4.3,"Cafe, Coffee, Chinese, Continental, Modern Indian, Pasta, Fast Food, Desserts",1300,cafe_or_coffee,36,36,8,False,zomato,https://www.zomato.com/bangalore/iris-cafe-kitchen-1-jp-nagar-bangalore/info,,,,,unmatched,https://www.google.com/maps/search/?api=1&query=Iris+Cafe+%26+Kitchen+JP+Nagar+Bengaluru
Ainmane Cafe And Speciality Store,standalone,Indiranagar,4.3,"Cafe, Desserts, Beverages, Coffee",700,cafe_or_coffee,37,37,15,False,zomato,https://www.zomato.com/bangalore/ainmane-cafe-and-speciality-store-indiranagar-bangalore/info,,,,,unmatched,https://www.google.com/maps/search/?api=1&query=Ainmane+Cafe+And+Speciality+Store+Indiranagar+Bengaluru
The Green Door Coffee House,standalone,Shanti Nagar,4.6,"Cafe, Coffee, Continental, Beverages",650,cafe_or_coffee,37,37,7,False,zomato,https://www.zomato.com/bangalore/the-green-door-coffee-house-shanti-nagar-bangalore/info,,,,,unmatched,https://www.google.com/maps/search/?api=1&query=The+Green+Door+Coffee+House+Shanti+Nagar+Bengaluru
Beku,standalone,JP Nagar,4.3,"Cafe, Pizza, Pasta, Fast Food, Desserts, Coffee, Beverages",700,cafe_or_coffee,37,37,6,False,zomato,https://www.zomato.com/bangalore/beku-jp-nagar-bangalore/info,2534,12.910591,77.596643,,matched,https://www.google.com/maps/search/?api=1&query=Beku+JP+Nagar+Bengaluru
Cafe Pink Pajamas,standalone,Kalyan Nagar,4.0,"Cafe, Pizza, Burger, Salad, Mexican",700,cafe_or_coffee,37,37,4,False,zomato,https://www.zomato.com/bangalore/cafe-pink-pajamas-kalyan-nagar/info,,,,,unmatched,https://www.google.com/maps/search/?api=1&query=Cafe+Pink+Pajamas+Kalyan+Nagar+Bengaluru
Demitasse Coffee,standalone,Brookefield,4.6,"Cafe, Coffee, Beverages",300,cafe_or_coffee,37,37,3,False,zomato,https://www.zomato.com/bangalore/demitasse-coffee-brookefield-bangalore/info,,,,,unmatched,https://www.google.com/maps/search/?api=1&query=Demitasse+Coffee+Brookefield+Bengaluru
"MOBA - Bubble Tea's, Korean Food & More",standalone,Hennur,4.3,"Bubble Tea, Korean, Coffee",300,cafe_or_coffee,37,37,1,False,zomato,https://www.zomato.com/bangalore/moba-bubble-teas-korean-food-more-hennur-bangalore/info,,,,,unmatched,https://www.google.com/maps/search/?api=1&query=MOBA+-+Bubble+Tea%27s%2C+Korean+Food+%26+More+Hennur+Bengaluru
BANOFFEE,standalone,HSR,4.4,"Continental, Cafe, Steak, Coffee, American",1000,cafe_or_coffee,38,38,5,False,zomato,https://www.zomato.com/bangalore/banoffee-hsr-bangalore/info,2102,12.914894,77.638368,http://cafebanoffee.com/,matched,https://www.google.com/maps/search/?api=1&query=BANOFFEE+HSR+Bengaluru
Mustard Bakehouse,standalone,Jayanagar,4.3,"Fast Food, Pizza, Burger, Cafe, Coffee, Bakery, Italian, Sandwich",900,cafe_or_coffee,38,38,5,False,zomato,https://www.zomato.com/bangalore/mustard-bakehouse-jayanagar-bangalore/info,14630,12.891126,77.595428,https://mustardbakehouse.com/,matched,https://www.google.com/maps/search/?api=1&query=Mustard+Bakehouse+Jayanagar+Bengaluru
Chai Sutta Gupshup,standalone,Kalyan Nagar,4.0,"Cafe, Fast Food, Beverages, Healthy Food, Desserts",850,cafe_or_coffee,38,38,5,False,zomato,https://www.zomato.com/bangalore/chai-sutta-gupshup-kalyan-nagar-bangalore/info,,,,,unmatched,https://www.google.com/maps/search/?api=1&query=Chai+Sutta+Gupshup+Kalyan+Nagar+Bengaluru
SLAY Coffee Bar,standalone,Koramangala 7th Block,4.6,"Cafe, Coffee, Beverages, Fast Food, Sandwich, Burger",600,cafe_or_coffee,38,38,3,False,zomato,https://www.zomato.com/bangalore/slay-coffee-bar-koramangala-7th-block-bangalore/info,19509,13.018243,77.643364,,matched,https://www.google.com/maps/search/?api=1&query=SLAY+Coffee+Bar+Koramangala+7th+Block+Bengaluru
Tribes Coffee,standalone,HSR,4.5,"Cafe, Coffee, Beverages, Italian, Pizza, Burger, Shake, Salad",1000,cafe_or_coffee,39,39,5,False,zomato,https://www.zomato.com/bangalore/tribes-coffee-1-hsr-bangalore/info,23350,12.908973,77.64348,,matched,https://www.google.com/maps/search/?api=1&query=Tribes+Coffee+HSR+Bengaluru
Alchemy Coffee Roasters,standalone,Jayanagar,4.1,"Cafe, Italian, Continental, Fast Food, Modern Indian, Desserts, Beverages",1100,cafe_or_coffee,39,39,5,False,zomato,https://www.zomato.com/bangalore/alchemy-coffee-roasters-jayanagar/info,,,,,unmatched,https://www.google.com/maps/search/?api=1&query=Alchemy+Coffee+Roasters+Jayanagar+Bengaluru
Tribal Brew Coffee,standalone,Indiranagar,4.2,"Cafe, Coffee",500,brewery,40,40,16,False,zomato,https://www.zomato.com/bangalore/tribal-brew-coffee-indiranagar-bangalore/info,23346,12.974669,77.605879,https://www.tribalbrew.coffee/,matched,https://www.google.com/maps/search/?api=1&query=Tribal+Brew+Coffee+Indiranagar+Bengaluru
Daymonthyear,standalone,HSR,4.5,"Cafe, Korean, Italian, Bakery",2000,cafe_or_coffee,40,40,5,False,zomato,https://www.zomato.com/bangalore/daymonthyear-hsr-bangalore/info,6420,12.909437,77.644707,,matched,https://www.google.com/maps/search/?api=1&query=Daymonthyear+HSR+Bengaluru
Cafe Plume,standalone,Indiranagar,4.4,"Cafe, Coffee, Beverages, Sandwich, French, Desserts",950,cafe_or_coffee,40,40,5,False,zomato,https://www.zomato.com/bangalore/cafe-plume-indiranagar-bangalore/info,,,,,unmatched,https://www.google.com/maps/search/?api=1&query=Cafe+Plume+Indiranagar+Bengaluru
Coffee And Crypto,standalone,Jayanagar,4.2,"Pizza, Pasta, Continental, Italian, Fast Food, Cafe, Shake, Beverages",1000,cafe_or_coffee,40,40,4,False,zomato,https://www.zomato.com/bangalore/coffee-and-crypto-jayanagar-bangalore/info,,,,,unmatched,https://www.google.com/maps/search/?api=1&query=Coffee+And+Crypto+Jayanagar+Bengaluru
BRGR & BREWS,standalone,Koramangala 6th Block,4.1,"Cafe, Coffee, Burger, Continental, Fast Food",600,brewery,40,40,1,False,zomato,https://www.zomato.com/bangalore/brgr-brews-2-koramangala-6th-block-bangalore/info,,,,,unmatched,https://www.google.com/maps/search/?api=1&query=BRGR+%26+BREWS+Koramangala+6th+Block+Bengaluru
The Cafe Aside,standalone,Whitefield,4.1,"Cafe, Fast Food, Beverages, Shake",500,cafe_or_coffee,40,40,1,False,zomato,https://www.zomato.com/bangalore/the-cafe-aside-1-whitefield-bangalore/info,,,,,unmatched,https://www.google.com/maps/search/?api=1&query=The+Cafe+Aside+Whitefield+Bengaluru
The Faith Cafe,standalone,HSR,4.4,"Burger, Pizza, American, Beverages, Cafe, Pasta, Salad, Steak",500,cafe_or_coffee,41,41,5,False,zomato,https://www.zomato.com/bangalore/the-faith-cafe-1-hsr-bangalore/info,22366,12.912439,77.641951,,matched,https://www.google.com/maps/search/?api=1&query=The+Faith+Cafe+HSR+Bengaluru
Coffee Mechanics,standalone,Kadubeesanahalli,4.4,"Cafe, Coffee, Continental, Italian, Desserts",1500,cafe_or_coffee,41,41,4,False,zomato,https://www.zomato.com/bangalore/coffee-mechanics-2-kadubeesanahalli-bangalore/info,5822,12.935951,77.697289,http://www.coffeemechanics.co.in/,matched,https://www.google.com/maps/search/?api=1&query=Coffee+Mechanics+Kadubeesanahalli+Bengaluru
Tapas Hideout,standalone,Indiranagar,4.4,"Cafe, Rolls, Fast Food, North Indian, Chinese, Biryani, Beverages",500,cafe_or_coffee,42,42,3,False,zomato,https://www.zomato.com/bangalore/tapas-hideout-indiranagar-bangalore/info,,,,,unmatched,https://www.google.com/maps/search/?api=1&query=Tapas+Hideout+Indiranagar+Bengaluru
Jus' Trufs,standalone,Jakkur,4.1,"Cafe, Italian, Fast Food, Pizza, Desserts, Beverages",1200,cafe_or_coffee,42,42,3,False,zomato,https://www.zomato.com/bangalore/jus-trufs-jakkur-bangalore/info,10921,13.072506,77.603845,https://www.justrufs.com/,matched,https://www.google.com/maps/search/?api=1&query=Jus%27+Trufs+Jakkur+Bengaluru
Wild Rabbit Cafe And Bakehouse,standalone,"Varthur Main Road, Whitefield",4.1,"Cafe, Pizza, Burger",400,cafe_or_coffee,42,42,2,False,zomato,https://www.zomato.com/bangalore/wild-rabbit-cafe-and-bakehouse-varthur-main-road-whitefield-bangalore/info,,,,,unmatched,https://www.google.com/maps/search/?api=1&query=Wild+Rabbit+Cafe+And+Bakehouse+Varthur+Main+Road%2C+Whitefield+Bengaluru
Snacko's,standalone,JP Nagar,4.0,"Cafe, Coffee, Sandwich, Ice Cream, Tea, Shake",400,cafe_or_coffee,43,43,5,False,zomato,https://www.zomato.com/bangalore/snackos-1-jp-nagar-bangalore/info,,,,,unmatched,https://www.google.com/maps/search/?api=1&query=Snacko%27s+JP+Nagar+Bengaluru
ZOROY Luxury Chocolate,standalone,HSR,4.6,"Cafe, Bakery",550,cafe_or_coffee,43,43,4,False,zomato,https://www.zomato.com/bangalore/zoroy-luxury-chocolate-hsr-bangalore/info,24696,12.975726,77.60218,http://www.zoroy.com/,matched,https://www.google.com/maps/search/?api=1&query=ZOROY+Luxury+Chocolate+HSR+Bengaluru
Yogi-sthaan,standalone,Indiranagar,4.1,"Cafe, Healthy Food, Salad, Beverages, Desserts",1000,cafe_or_coffee,44,44,2,False,zomato,https://www.zomato.com/bangalore/yogi-sthaan-indiranagar-bangalore/info,,,,,unmatched,https://www.google.com/maps/search/?api=1&query=Yogi-sthaan+Indiranagar+Bengaluru
Brew Square Craft Brewery,standalone,Kalyan Nagar,4.2,"North Indian, Chinese, Fast Food, Pizza, Pasta, Continental, Bar Food",2500,brewery,44,44,1,False,zomato,https://www.zomato.com/bangalore/brew-square-craft-brewery-kalyan-nagar-bangalore/info,,,,,unmatched,https://www.google.com/maps/search/?api=1&query=Brew+Square+Craft+Brewery+Kalyan+Nagar+Bengaluru
Burp,standalone,New BEL Road,4.1,"Cafe, Fast Food, Mexican, Italian, Continental, Desserts, Beverages",1100,cafe_or_coffee,46,46,5,False,zomato,https://www.zomato.com/bangalore/burp-new-bel-road/info,3731,13.033717,77.568979,,matched,https://www.google.com/maps/search/?api=1&query=Burp+New+BEL+Road+Bengaluru
Cafe Baha,standalone,Bannerghatta Road,4.4,"Cafe, Fast Food, Italian, Sandwich, Pasta, Salad, Street Food",700,cafe_or_coffee,46,46,2,False,zomato,https://www.zomato.com/bangalore/cafe-baha-bannerghatta-road-bangalore/info,3853,12.873676,77.611292,,matched,https://www.google.com/maps/search/?api=1&query=Cafe+Baha+Bannerghatta+Road+Bengaluru
Mac Brew Farm,standalone,Electronic City,4.3,"Biryani, Kebab",600,brewery,46,46,2,False,zomato,https://www.zomato.com/bangalore/mac-brew-farm-electronic-city-bangalore/info,,,,,unmatched,https://www.google.com/maps/search/?api=1&query=Mac+Brew+Farm+Electronic+City+Bengaluru
Bagelstein,standalone,Koramangala 4th Block,4.0,"Coffee, Bakery",1500,cafe_or_coffee,46,46,1,False,zomato,https://www.zomato.com/bangalore/bagelstein-koramangala-4th-block-bangalore/info,,,,,unmatched,https://www.google.com/maps/search/?api=1&query=Bagelstein+Koramangala+4th+Block+Bengaluru
Big Cup Cafe,standalone,Sanjay Nagar,4.4,"Cafe, Fast Food, Ice Cream, Beverages, Desserts, Shake",600,cafe_or_coffee,47,47,6,False,zomato,https://www.zomato.com/bangalore/big-cup-cafe-sanjay-nagar-bangalore/info,2837,13.02794,77.573318,https://www.bigcup.in/,matched,https://www.google.com/maps/search/?api=1&query=Big+Cup+Cafe+Sanjay+Nagar+Bengaluru
Geist Brewing Co.,standalone,Old Madras Road,4.5,"North Indian, Modern Indian, Beverages, American, Continental, Chinese, Italian, Pizza",2000,brewery,48,33,2,False,zomato,https://www.zomato.com/bangalore/geist-brewing-co-old-madras-road-bangalore/info,,,,,unmatched,https://www.google.com/maps/search/?api=1&query=Geist+Brewing+Co.+Old+Madras+Road+Bengaluru
Cafe Happy Place,standalone,New BEL Road,4.3,"Beverages, American, Cafe, Continental, European, Pasta, Salad",900,cafe_or_coffee,49,49,4,False,zomato,https://www.zomato.com/bangalore/cafe-happy-place-new-bel-road-bangalore/info,4252,13.037865,77.568573,,matched,https://www.google.com/maps/search/?api=1&query=Cafe+Happy+Place+New+BEL+Road+Bengaluru
Goodluck Resto Cafe,standalone,Bannerghatta Road,4.3,"Cafe, Fast Food, Beverages, Shake, Sichuan",600,cafe_or_coffee,49,49,2,False,zomato,https://www.zomato.com/bangalore/goodluck-resto-cafe-bannerghatta-road-bangalore/info,,,,,unmatched,https://www.google.com/maps/search/?api=1&query=Goodluck+Resto+Cafe+Bannerghatta+Road+Bengaluru
Lazy Suzy,standalone,Indiranagar,4.4,"Cafe, Continental, Italian, Pizza, Desserts, Beverages",1900,cafe_or_coffee,50,50,7,False,zomato,https://www.zomato.com/bangalore/lazy-suzy-indiranagar/info,12707,12.970851,77.647489,https://thrivenow.in/lazy-suzy,matched,https://www.google.com/maps/search/?api=1&query=Lazy+Suzy+Indiranagar+Bengaluru
The Old Madras Baking Company,standalone,New BEL Road,4.0,"Bakery, Beverages, Desserts, Cafe",500,cafe_or_coffee,50,50,6,False,zomato,https://www.zomato.com/bangalore/the-old-madras-baking-company-new-bel-road-bangalore/info,15811,12.969738,77.600377,,matched,https://www.google.com/maps/search/?api=1&query=The+Old+Madras+Baking+Company+New+BEL+Road+Bengaluru
Shades Of Coffee,standalone,HSR,4.3,"Cafe, Fast Food, Desserts",700,cafe_or_coffee,50,50,4,False,zomato,https://www.zomato.com/bangalore/shades-of-coffee-2-hsr-bangalore/info,18764,12.909427,77.63933,http://www.shadesofcoffee.com/,matched,https://www.google.com/maps/search/?api=1&query=Shades+Of+Coffee+HSR+Bengaluru
YouMee,standalone,Bannerghatta Road,4.6,"Chinese, Sushi, Continental, Japanese, Desserts, Tea, Shake, Beverages",1900,cafe_or_coffee,50,37,2,False,zomato,https://www.zomato.com/bangalore/youmee-bannerghatta-road-bangalore/info,24562,12.969844,77.751038,https://institutional-catering-outlets.lbf.co.in/you-mee/youmee-japanese-restaurants-whitefield-bengaluru-81211/Home?utm_source=locator&utm_medium=bing,matched,https://www.google.com/maps/search/?api=1&query=YouMee+Bannerghatta+Road+Bengaluru
PULP,standalone,HSR,4.3,"Coffee, Cafe, North Indian, Chinese, Fast Food, Street Food, Desserts, Beverages",550,cafe_or_coffee,51,51,4,False,zomato,https://www.zomato.com/bangalore/pulp-hsr-bangalore/info,,,,,unmatched,https://www.google.com/maps/search/?api=1&query=PULP+HSR+Bengaluru
Le Celebration Patiesserie And Cafe,standalone,Bommanahalli,4.2,"Bakery, Burger, Continental, Italian, Sandwich, Desserts, Coffee, Pasta",650,cafe_or_coffee,52,52,1,False,zomato,https://www.zomato.com/bangalore/le-celebration-patiesserie-and-cafe-bommanahalli-bangalore/info,,,,,unmatched,https://www.google.com/maps/search/?api=1&query=Le+Celebration+Patiesserie+And+Cafe+Bommanahalli+Bengaluru
Amata,standalone,HSR,4.1,"Cafe, North Indian, Continental, Burger, Sandwich, Coffee, Beverages, Desserts",500,cafe_or_coffee,53,53,4,False,zomato,https://www.zomato.com/bangalore/amata-hsr-bangalore/info,,,,,unmatched,https://www.google.com/maps/search/?api=1&query=Amata+HSR+Bengaluru
Eddy's Cafe,standalone,Indiranagar,4.4,"Cafe, American, Salad, Continental, Healthy Food, Italian, Beverages",950,cafe_or_coffee,54,54,3,False,zomato,https://www.zomato.com/bangalore/eddys-cafe-indiranagar-bangalore/info,7479,12.973846,77.645071,https://www.eddyscafe.com/,matched,https://www.google.com/maps/search/?api=1&query=Eddy%27s+Cafe+Indiranagar+Bengaluru
Atta Galata,standalone,Indiranagar,4.3,"Cafe, Chinese, Sandwich, Fast Food, Street Food, Beverages",300,cafe_or_coffee,55,55,4,False,zomato,https://www.zomato.com/bangalore/atta-galata-indiranagar-bangalore/info,,,,,unmatched,https://www.google.com/maps/search/?api=1&query=Atta+Galata+Indiranagar+Bengaluru
Cafe Memoire,standalone,Bannerghatta Road,4.2,"Cafe, Coffee, Chinese, Sandwich, Pizza, Pasta, Shake, Beverages",800,cafe_or_coffee,55,55,2,False,zomato,https://www.zomato.com/bangalore/cafe-memoire-bannerghatta-road-bangalore/info,4308,12.87717,77.604477,http://cafememoire.com/,matched,https://www.google.com/maps/search/?api=1&query=Cafe+Memoire+Bannerghatta+Road+Bengaluru
La Truffle Aroma,standalone,Kadubeesanahalli,4.6,"Cafe, Coffee, Desserts, Bakery",550,cafe_or_coffee,56,56,4,False,zomato,https://www.zomato.com/bangalore/la-truffle-aroma-1-kadubeesanahalli-bangalore/info,,,,,unmatched,https://www.google.com/maps/search/?api=1&query=La+Truffle+Aroma+Kadubeesanahalli+Bengaluru
Lahe Lahe Santhe,standalone,Indiranagar,4.2,"Cafe, Fast Food, Beverages",400,cafe_or_coffee,56,56,3,False,zomato,https://www.zomato.com/bangalore/lahe-lahe-santhe-indiranagar-bangalore/info,,,,,unmatched,https://www.google.com/maps/search/?api=1&query=Lahe+Lahe+Santhe+Indiranagar+Bengaluru
Coffea,standalone,Bannerghatta Road,4.1,"Cafe, Coffee, Sandwich, Pizza, Pasta, Fast Food, Beverages",500,cafe_or_coffee,56,56,1,False,zomato,https://www.zomato.com/bangalore/coffea-bannerghatta-road-bangalore/info,,,,,unmatched,https://www.google.com/maps/search/?api=1&query=Coffea+Bannerghatta+Road+Bengaluru
Cafe Baha,standalone,Bommanahalli,4.3,"Cafe, Coffee, Chinese, Italian, French, Salad, Fast Food, Beverages",800,cafe_or_coffee,57,57,3,False,zomato,https://www.zomato.com/bangalore/cafe-baha-bommanahalli-bangalore/info,3853,12.873676,77.611292,,matched,https://www.google.com/maps/search/?api=1&query=Cafe+Baha+Bommanahalli+Bengaluru
Olive Tap House,standalone,Bannerghatta Road,4.3,"North Indian, Chinese, Asian, Continental, Pizza, Italian, Mexican, Cafe",1000,cafe_or_coffee,57,57,2,False,zomato,https://www.zomato.com/bangalore/olive-tap-house-bannerghatta-road-bangalore/info,,,,,unmatched,https://www.google.com/maps/search/?api=1&query=Olive+Tap+House+Bannerghatta+Road+Bengaluru
Three Monkeys Brew Pub,standalone,Old Madras Road,4.2,"Fast Food, Seafood, Chinese, Beverages",1900,brewery,58,58,1,False,zomato,https://www.zomato.com/bangalore/three-monkeys-brew-pub-old-madras-road-bangalore/info,,,,,unmatched,https://www.google.com/maps/search/?api=1&query=Three+Monkeys+Brew+Pub+Old+Madras+Road+Bengaluru
Sharief Bhai Biryani,franchise,5 outlets,4.3,"Biryani, Shawarma, Kebab, Arabic, Rolls, Tea, Desserts, Beverages",800,cafe_or_coffee,59,8,14,False,zomato,https://www.zomato.com/bangalore/sharief-bhai-biryani-nagarbhavi-bangalore/info,,,,,unmatched,Any
Cafe Petriqor,standalone,JP Nagar,4.5,"Asian, Continental, Coffee, Pizza, Pasta",1200,cafe_or_coffee,63,21,13,False,zomato,https://www.zomato.com/bangalore/cafe-petriqor-jp-nagar-bangalore/info,4360,12.906682,77.585137,,matched,https://www.google.com/maps/search/?api=1&query=Cafe+Petriqor+JP+Nagar+Bengaluru
Matteo Coffea,standalone,Indiranagar,4.4,"Cafe, American, Fast Food, Pasta, Burger, Beverages, Desserts",700,cafe_or_coffee,63,63,1,False,zomato,https://www.zomato.com/bangalore/matteo-coffea-indiranagar/info,13745,12.97828,77.643814,http://www.matteocoffea.com,matched,https://www.google.com/maps/search/?api=1&query=Matteo+Coffea+Indiranagar+Bengaluru
Taiki,standalone,JP Nagar,4.1,"Korean, Japanese, Sushi, Salad, Desserts, Tea, Beverages",1800,cafe_or_coffee,63,63,1,False,zomato,https://www.zomato.com/bangalore/taiki-jp-nagar-bangalore/info,,,,,unmatched,https://www.google.com/maps/search/?api=1&query=Taiki+JP+Nagar+Bengaluru
Brew Meister,standalone,Jayanagar,4.0,"North Indian, Chinese, Fast Food, Mughlai, Pizza, Seafood, Desserts, Beverages",2000,brewery,64,64,1,False,zomato,https://www.zomato.com/bangalore/brew-meister-jayanagar/info,3480,12.926481,77.584667,https://www.brewmeister.co.in/,matched,https://www.google.com/maps/search/?api=1&query=Brew+Meister+Jayanagar+Bengaluru
Cup & Crumble Cafe,standalone,Domlur,4.3,"Cafe, Coffee, South Indian, Pizza, Fast Food, Chinese, Ice Cream, Desserts",400,cafe_or_coffee,65,65,4,False,zomato,https://www.zomato.com/bangalore/cup-crumble-cafe-domlur-bangalore/info,6181,12.954765,77.642509,https://www.cupandcrumblecafe.com/,matched,https://www.google.com/maps/search/?api=1&query=Cup+%26+Crumble+Cafe+Domlur+Bengaluru
Big Barrel BrewPub,standalone,Rajarajeshwari Nagar,4.3,"Chinese, Salad, North Indian, Oriental, Mexican, Italian, Continental, Beverages",2700,brewery,66,66,1,False,zomato,https://www.zomato.com/bangalore/big-barrel-brewpub-rajarajeshwari-nagar-bangalore/info,2822,12.904085,77.507874,,matched,https://www.google.com/maps/search/?api=1&query=Big+Barrel+BrewPub+Rajarajeshwari+Nagar+Bengaluru
Cream N Cha,standalone,Indiranagar,4.6,"Cafe, Fast Food, Beverages, Shake, Desserts",400,cafe_or_coffee,67,67,3,False,zomato,https://www.zomato.com/bangalore/cream-n-cha-indiranagar-bangalore/info,,,,,unmatched,https://www.google.com/maps/search/?api=1&query=Cream+N+Cha+Indiranagar+Bengaluru
Masala Chai,standalone,Whitefield,4.2,"Beverages, Fast Food, Tea",250,cafe_or_coffee,68,68,1,False,zomato,https://www.zomato.com/bangalore/masala-chai-1-whitefield/info,13664,12.992076,77.702759,,matched,https://www.google.com/maps/search/?api=1&query=Masala+Chai+Whitefield+Bengaluru
Mad Doh Sourdough Pizzeria & Bakes,standalone,Electronic City,4.2,"Pizza, Bakery, Continental, Pasta, Shake, Coffee, Desserts, Beverages",700,cafe_or_coffee,70,70,2,False,zomato,https://www.zomato.com/bangalore/mad-doh-sourdough-pizzeria-bakes-1-electronic-city-bangalore/info,,,,,unmatched,https://www.google.com/maps/search/?api=1&query=Mad+Doh+Sourdough+Pizzeria+%26+Bakes+Electronic+City+Bengaluru
The Brunch Box,standalone,Old Madras Road,4.3,"Beverages, Fast Food, Coffee, Continental, Desserts",650,cafe_or_coffee,71,71,1,False,zomato,https://www.zomato.com/bangalore/the-brunch-box-1-old-madras-road-bangalore/info,,,,,unmatched,https://www.google.com/maps/search/?api=1&query=The+Brunch+Box+Old+Madras+Road+Bengaluru
Anthara - The French American Bakery,standalone,Marathahalli,4.3,"Pasta, Continental, French, American, Burger, Coffee, Tea",1600,cafe_or_coffee,71,71,1,False,zomato,https://www.zomato.com/bangalore/anthara-the-french-american-bakery-marathahalli-bangalore/info,,,,,unmatched,https://www.google.com/maps/search/?api=1&query=Anthara+-+The+French+American+Bakery+Marathahalli+Bengaluru
Chai Galli,standalone,JP Nagar,4.3,"Chinese, Fast Food, Street Food, Ice Cream, Tea, Juices, Beverages, Desserts",400,cafe_or_coffee,72,72,1,False,zomato,https://www.zomato.com/bangalore/chai-galli-jp-nagar-bangalore/info,,,,,unmatched,https://www.google.com/maps/search/?api=1&query=Chai+Galli+JP+Nagar+Bengaluru
Green Bean Coffee,standalone,Kanakapura Road,4.6,"Cafe, Coffee, Beverages, Fast Food",800,cafe_or_coffee,73,73,4,False,zomato,https://www.zomato.com/bangalore/green-bean-coffee-2-kanakapura-road-bangalore/info,8857,12.879195,77.553894,,matched,https://www.google.com/maps/search/?api=1&query=Green+Bean+Coffee+Kanakapura+Road+Bengaluru
Bloom & Brreeze Cafe,standalone,Jakkur,4.4,"Mexican, Pizza, Beverages, Burger, Pasta, Fast Food, Coffee",550,cafe_or_coffee,73,73,1,False,zomato,https://www.zomato.com/bangalore/bloom-brreeze-cafe-jakkur-bangalore/info,3153,13.004799,77.697891,,matched,https://www.google.com/maps/search/?api=1&query=Bloom+%26+Brreeze+Cafe+Jakkur+Bengaluru
Big Straw Blast - Bubble Tea,standalone,Sahakara Nagar,4.1,"Beverages, Desserts, Tea, Coffee",200,cafe_or_coffee,74,74,1,False,zomato,https://www.zomato.com/bangalore/big-straw-blast-bubble-tea-sahakara-nagar-bangalore/info,,,,,unmatched,https://www.google.com/maps/search/?api=1&query=Big+Straw+Blast+-+Bubble+Tea+Sahakara+Nagar+Bengaluru
Chai Galli,standalone,Church Street,4.1,"Tea, Beverages, Fast Food, Street Food, North Indian, Desserts",400,cafe_or_coffee,76,76,1,False,zomato,https://www.zomato.com/bangalore/chai-galli-church-street-bangalore/info,,,,,unmatched,https://www.google.com/maps/search/?api=1&query=Chai+Galli+Church+Street+Bengaluru
Craft - Hyatt Centric Hebbal Bengaluru,standalone,Hebbal,4.3,"North Indian, Continental, Coffee",1800,cafe_or_coffee,78,74,3,False,zomato,https://www.zomato.com/bangalore/craft-hyatt-centric-hebbal-bengaluru-hebbal-bangalore/info,,,,,unmatched,https://www.google.com/maps/search/?api=1&query=Craft+-+Hyatt+Centric+Hebbal+Bengaluru+Hebbal+Bengaluru
The Humble Pie,standalone,HSR,4.6,"Desserts, Bakery, Beverages, Cake, Coffee",300,cafe_or_coffee,78,78,1,False,zomato,https://www.zomato.com/bangalore/the-humble-pie-hsr-bangalore/info,22508,12.908581,77.641586,,matched,https://www.google.com/maps/search/?api=1&query=The+Humble+Pie+HSR+Bengaluru
Toffee & Talk,standalone,Jayanagar,4.4,"Desserts, Coffee",800,cafe_or_coffee,80,80,2,False,zomato,https://www.zomato.com/bangalore/toffee-talk-jayanagar-bangalore/info,23270,12.923315,77.580818,,matched,https://www.google.com/maps/search/?api=1&query=Toffee+%26+Talk+Jayanagar+Bengaluru
Rosmarino Neapolitan Pizza & Trattoria,standalone,Domlur,4.5,"Beverages, Italian, Salad, Coffee, Shake, Pizza",1800,cafe_or_coffee,85,85,2,False,zomato,https://www.zomato.com/bangalore/rosmarino-neapolitan-pizza-trattoria-domlur-bangalore/info,,,,,unmatched,https://www.google.com/maps/search/?api=1&query=Rosmarino+Neapolitan+Pizza+%26+Trattoria+Domlur+Bengaluru
Chai Fast,standalone,Bannerghatta Road,4.0,"Tea, Shake, Beverages, Sandwich, Rolls, Fast Food, North Indian, Street Food",300,cafe_or_coffee,85,85,1,False,zomato,https://www.zomato.com/bangalore/chai-fast-bannerghatta-road-bangalore/info,4892,12.927133,77.633203,,matched,https://www.google.com/maps/search/?api=1&query=Chai+Fast+Bannerghatta+Road+Bengaluru
Si Nonna's - The Original Sourdough Pizza,standalone,Koramangala 7th Block,4.8,"Pizza, Italian, Desserts, Coffee, Beverages",1700,cafe_or_coffee,88,88,2,False,zomato,https://www.zomato.com/bangalore/si-nonnas-the-original-sourdough-pizza-1-koramangala-7th-block-bangalore/info,,,,,unmatched,https://www.google.com/maps/search/?api=1&query=Si+Nonna%27s+-+The+Original+Sourdough+Pizza+Koramangala+7th+Block+Bengaluru
Vienna Bakehouse & Kitchen,standalone,Koramangala 6th Block,4.5,"Mexican, Italian, Desserts, Coffee, Continental",2000,cafe_or_coffee,89,77,3,False,zomato,https://www.zomato.com/bangalore/vienna-bakehouse-kitchen-koramangala-6th-block-bangalore/info,24003,12.941217,77.62397,https://www.viennabakehouse.com/,matched,https://www.google.com/maps/search/?api=1&query=Vienna+Bakehouse+%26+Kitchen+Koramangala+6th+Block+Bengaluru
Bakeyard The Garden Cafe,standalone,"Varthur Main Road, Whitefield",4.6,"Cafe, Coffee, Continental, Italian, Chinese, Sandwich, Shake, Beverages",1000,cafe_or_coffee,89,89,1,False,zomato,https://www.zomato.com/bangalore/bakeyard-the-garden-cafe-varthur-main-road-whitefield-bangalore/info,1910,12.9178,77.734583,https://maps.app.goo.gl/N3X7HwYjPgCfXiV66,matched,https://www.google.com/maps/search/?api=1&query=Bakeyard+The+Garden+Cafe+Varthur+Main+Road%2C+Whitefield+Bengaluru
Brewing Earth Cafe,standalone,Nagarbhavi,4.2,"Chinese, Sandwich, Pizza, Continental, Desserts, Coffee",800,brewery,92,35,3,False,zomato,https://www.zomato.com/bangalore/brewing-earth-cafe-1-nagarbhavi-bangalore/info,3490,12.978909,77.502808,https://brewingearth.cafe/,matched,https://www.google.com/maps/search/?api=1&query=Brewing+Earth+Cafe+Nagarbhavi+Bengaluru
The Chocolate Room,standalone,Whitefield,4.4,"Beverages, Chinese, Coffee, Desserts, Ice Cream, Italian, Mexican, Continental",1200,cafe_or_coffee,95,95,2,False,zomato,https://www.zomato.com/bangalore/the-chocolate-room-1-whitefield-bangalore/info,,,,,unmatched,https://www.google.com/maps/search/?api=1&query=The+Chocolate+Room+Whitefield+Bengaluru
Shookett's,standalone,Ulsoor,4.5,"Beverages, Coffee",1300,cafe_or_coffee,96,96,1,False,zomato,https://www.zomato.com/bangalore/shooketts-ulsoor-bangalore/info,,,,,unmatched,https://www.google.com/maps/search/?api=1&query=Shookett%27s+Ulsoor+Bengaluru
Thela Tapri By Sharma's Kitchen,standalone,BTM,4.1,"Street Food, Sandwich, Beverages, North Indian, Tea",250,cafe_or_coffee,97,97,1,False,zomato,https://www.zomato.com/bangalore/thela-tapri-by-sharmas-kitchen-btm-bangalore/info,,,,,unmatched,https://www.google.com/maps/search/?api=1&query=Thela+Tapri+By+Sharma%27s+Kitchen+BTM+Bengaluru
Originale,standalone,Basaveshwara Nagar,4.2,"Ice Cream, Desserts, Sandwich, Burger, Fast Food, Street Food, Tea, Beverages",250,cafe_or_coffee,98,98,1,False,zomato,https://www.zomato.com/bangalore/originale-basaveshwara-nagar-bangalore/info,,,,,unmatched,https://www.google.com/maps/search/?api=1&query=Originale+Basaveshwara+Nagar+Bengaluru
Chai Days,standalone,BTM,4.1,"Tea, Beverages, Street Food, Bubble Tea",300,cafe_or_coffee,99,99,1,False,zomato,https://www.zomato.com/bangalore/chai-days-btm-bangalore/info,,,,,unmatched,https://www.google.com/maps/search/?api=1&query=Chai+Days+BTM+Bengaluru
The Estate Table,standalone,Hebbal,4.4,"Italian, Fast Food, Sandwich, Desserts, Coffee, Beverages",1500,cafe_or_coffee,101,56,3,False,zomato,https://www.zomato.com/bangalore/the-estate-table-hebbal-bangalore/info,,,,,unmatched,https://www.google.com/maps/search/?api=1&query=The+Estate+Table+Hebbal+Bengaluru
Onezo - Handcrafted Boba,standalone,Malleshwaram,4.0,"Bubble Tea, Tea, Waffle, Beverages, Desserts",400,cafe_or_coffee,102,102,2,False,zomato,https://www.zomato.com/bangalore/onezo-handcrafted-boba-malleshwaram-bangalore/info,,,,,unmatched,https://www.google.com/maps/search/?api=1&query=Onezo+-+Handcrafted+Boba+Malleshwaram+Bengaluru
La Roi,standalone,HSR,4.2,"Bakery, Desserts, Coffee, Shake, Beverages, Street Food",250,cafe_or_coffee,108,108,1,False,zomato,https://www.zomato.com/bangalore/la-roi-hsr-bangalore/info,12486,12.91316,77.635368,http://www.laroibakery.com/,matched,https://www.google.com/maps/search/?api=1&query=La+Roi+HSR+Bengaluru
Belur Cafe,standalone,Jalahalli,4.0,"Cafe, Fast Food, Rolls",400,cafe_or_coffee,129,129,1,False,zomato,https://www.zomato.com/bangalore/belur-cafe-4-jalahalli-bangalore/info,,,,,unmatched,https://www.google.com/maps/search/?api=1&query=Belur+Cafe+Jalahalli+Bengaluru
Arena Brewhouse,standalone,Indiranagar,4.2,"Continental, Japanese, Middle Eastern, Bar Food",2500,brewery,,34,22,False,zomato,https://www.zomato.com/bangalore/arena-brewhouse-2-indiranagar-bangalore/info,1395,12.976788,77.641226,,matched,https://www.google.com/maps/search/?api=1&query=Arena+Brewhouse+Indiranagar+Bengaluru
Daffy's Brewgarden,standalone,Indiranagar,4.3,"South Indian, Bar Food",2200,brewery,,94,21,False,zomato,https://www.zomato.com/bangalore/daffys-brewgarden-indiranagar-bangalore/info,,,,,unmatched,https://www.google.com/maps/search/?api=1&query=Daffy%27s+Brewgarden+Indiranagar+Bengaluru
BLR Brewing Co.,franchise,5 outlets,4.5,"North Indian, Continental, Asian, Chinese, Pizza",2100,brewery,,35,20,False,zomato,https://www.zomato.com/bangalore/blr-brewing-co-1-marathahalli-bangalore/info,3160,12.982224,77.70876,https://www.blrbrewing.com/,matched,Any
Brooks And Bonds Brewery,standalone,Koramangala 5th Block,4.2,"Continental, American, North Indian, Italian, Pasta, Beverages, Desserts, Pizza",1800,brewery,,37,17,False,zomato,https://www.zomato.com/bangalore/brooks-and-bonds-brewery-koramangala-5th-block-bangalore/info,3555,12.934219,77.623433,https://www.zomato.com/bangalore/brooks-and-bonds-brewery-koramangala-5th-block/book,matched,https://www.google.com/maps/search/?api=1&query=Brooks+And+Bonds+Brewery+Koramangala+5th+Block+Bengaluru
ICB Indian Craft Brewery,standalone,Nagawara,4.7,"North Indian, Asian, Continental, American, Chinese",2000,brewery,,22,16,False,zomato,https://www.zomato.com/bangalore/icb-indian-craft-brewery-nagawara-bangalore/info,10146,13.042544,77.616201,https://icb.beer/,matched,https://www.google.com/maps/search/?api=1&query=ICB+Indian+Craft+Brewery+Nagawara+Bengaluru
Legacy Brewing Company,standalone,Rajarajeshwari Nagar,4.4,"North Indian, Chinese, South Indian, Pizza, Burger, Momos, Beverages, Desserts",1800,brewery,,21,16,False,zomato,https://www.zomato.com/bangalore/legacy-brewing-company-1-rajarajeshwari-nagar-bangalore/info,12746,12.932158,77.525688,https://legacybrewingco.in/,matched,https://www.google.com/maps/search/?api=1&query=Legacy+Brewing+Company+Rajarajeshwari+Nagar+Bengaluru
OASIS BREWERY,standalone,Mahadevapura,4.5,"Asian, Modern Indian, South Indian, Burger, Pizza, Beverages, Salad, Mexican",2600,brewery,,17,15,False,zomato,https://www.zomato.com/bangalore/oasis-brewery-mahadevapura-bangalore/info,15756,12.997379,77.691072,,matched,https://www.google.com/maps/search/?api=1&query=OASIS+BREWERY+Mahadevapura+Bengaluru
Stories Brewery & Kitchen,standalone,BTM,4.5,"North Indian, Continental, Chinese, Finger Food, Beverages, Desserts",2100,brewery,,53,12,False,zomato,https://www.zomato.com/bangalore/stories-brewery-kitchen-btm-bangalore/info,21032,12.913525,77.615097,http://storiestbc.eatrepeatindia.com/,matched,https://www.google.com/maps/search/?api=1&query=Stories+Brewery+%26+Kitchen+BTM+Bengaluru
The Palms Brew & Kitchen,standalone,JP Nagar,4.5,"Modern Indian, North Indian",2500,brewery,,32,12,False,zomato,https://www.zomato.com/bangalore/the-palms-brew-kitchen-jp-nagar-bangalore/info,22707,12.896311,77.581073,,matched,https://www.google.com/maps/search/?api=1&query=The+Palms+Brew+%26+Kitchen+JP+Nagar+Bengaluru
Long Boat Brewing Co.,standalone,Marathahalli,4.4,"Chinese, Asian, North Indian, Pizza, South Indian, Continental",2000,brewery,,29,12,False,zomato,https://www.zomato.com/bangalore/long-boat-brewing-co-marathahalli-bangalore/info,12934,12.951797,77.700729,https://www.longboatbrewing.com/,matched,https://www.google.com/maps/search/?api=1&query=Long+Boat+Brewing+Co.+Marathahalli+Bengaluru
Maize & Malt- Craft Brewery & Kitchen,standalone,Whitefield,4.5,"Continental, Asian, South Indian, North Indian, Salad, Momos, Desserts",2600,brewery,,31,11,False,zomato,https://www.zomato.com/bangalore/maize-malt-craft-brewery-kitchen-whitefield-bangalore/info,,,,,unmatched,https://www.google.com/maps/search/?api=1&query=Maize+%26+Malt-+Craft+Brewery+%26+Kitchen+Whitefield+Bengaluru
Unalii Brew Park,standalone,Bannerghatta Road,4.3,"Bar Food, Continental, Chinese, South Indian, North Indian, Seafood, Japanese, Desserts",1600,brewery,,55,11,False,zomato,https://www.zomato.com/bangalore/unalii-brew-park-bannerghatta-road-bangalore/info,,,,,unmatched,https://www.google.com/maps/search/?api=1&query=Unalii+Brew+Park+Bannerghatta+Road+Bengaluru
Candles Brewhouse,standalone,Hebbal,4.4,"Italian, Continental, American, Pizza, North Indian",2000,brewery,,44,10,False,zomato,https://www.zomato.com/bangalore/candles-brewhouse-hebbal-bangalore/info,4644,13.05539,77.594331,https://candlesbrewhouse.in/,matched,https://www.google.com/maps/search/?api=1&query=Candles+Brewhouse+Hebbal+Bengaluru
Mannheim Craft Brewery,standalone,Whitefield,4.4,"North Indian, Asian, American, Desserts, BBQ",2400,brewery,,50,10,False,zomato,https://www.zomato.com/bangalore/mannheim-craft-brewery-whitefield-bangalore/info,13576,12.990734,77.707952,,matched,https://www.google.com/maps/search/?api=1&query=Mannheim+Craft+Brewery+Whitefield+Bengaluru
Levels Microbrewery,standalone,Nagarbhavi,4.3,"Pizza, Pasta, South Indian, Italian, Biryani",2000,brewery,,90,10,False,zomato,https://www.zomato.com/bangalore/levels-microbrewery-nagarbhavi-bangalore/info,,,,,unmatched,https://www.google.com/maps/search/?api=1&query=Levels+Microbrewery+Nagarbhavi+Bengaluru
Gladia Brewery & Kitchen,standalone,Sarjapur Road,4.3,"Biryani, Sushi, North Indian, Chinese, Pizza, Pasta, Salad",2000,brewery,,20,10,False,zomato,https://www.zomato.com/bangalore/gladia-brewery-kitchen-sarjapur-road-bangalore/info,,,,,unmatched,https://www.google.com/maps/search/?api=1&query=Gladia+Brewery+%26+Kitchen+Sarjapur+Road+Bengaluru
Tyla brewery & kitchen,standalone,BTM,4.3,"Italian, North Indian, South Indian",1800,brewery,,70,9,False,zomato,https://www.zomato.com/bangalore/tyla-brewery-kitchen-btm-bangalore/info,,,,,unmatched,https://www.google.com/maps/search/?api=1&query=Tyla+brewery+%26+kitchen+BTM+Bengaluru
Tropika Brewing Co,standalone,Marathahalli,4.2,"North Indian, Chinese, Fast Food, South Indian",2000,brewery,,24,9,False,zomato,https://www.zomato.com/bangalore/tropika-brewing-co-marathahalli-bangalore/info,23375,12.942129,77.697745,,matched,https://www.google.com/maps/search/?api=1&query=Tropika+Brewing+Co+Marathahalli+Bengaluru
Float Brewery,standalone,Kalyan Nagar,4.5,"Bar Food, Continental, Italian, Asian, North Indian, Desserts, Pizza, Beverages",2000,brewery,,132,8,False,zomato,https://www.zomato.com/bangalore/float-brewery-kalyan-nagar-bangalore/info,7936,13.022569,77.643516,,matched,https://www.google.com/maps/search/?api=1&query=Float+Brewery+Kalyan+Nagar+Bengaluru
Brew Mill,standalone,Electronic City,4.5,"North Indian, Chinese, South Indian, Pizza, Biryani, Burger, Desserts, Momos",1800,brewery,,23,8,False,zomato,https://www.zomato.com/bangalore/brew-mill-1-electronic-city-bangalore/info,3481,12.835918,77.646049,,matched,https://www.google.com/maps/search/?api=1&query=Brew+Mill+Electronic+City+Bengaluru
The Brew Factory Brewery Pub & Kitchen,standalone,Peenya,4.3,"American, Continental, European, Italian, Oriental, Bar Food, Burger, Pizza",1000,brewery,,41,8,False,zomato,https://www.zomato.com/bangalore/the-brew-factory-brewery-pub-kitchen-peenya-bangalore/info,,,,,unmatched,https://www.google.com/maps/search/?api=1&query=The+Brew+Factory+Brewery+Pub+%26+Kitchen+Peenya+Bengaluru
Paros Brewery & Kitchen,standalone,Rajarajeshwari Nagar,4.1,"Chinese, North Indian, Pizza",2000,brewery,,11,8,False,zomato,https://www.zomato.com/bangalore/paros-brewery-kitchen-rajarajeshwari-nagar-bangalore/info,16380,12.904618,77.508018,,matched,https://www.google.com/maps/search/?api=1&query=Paros+Brewery+%26+Kitchen+Rajarajeshwari+Nagar+Bengaluru
Chai Days,standalone,Kalyan Nagar,4.3,"Tea, Beverages, Street Food, Bubble Tea",300,cafe_or_coffee,,11,7,False,zomato,https://www.zomato.com/bangalore/chai-days-kalyan-nagar-bangalore/info,4890,12.8586,77.646187,,matched,https://www.google.com/maps/search/?api=1&query=Chai+Days+Kalyan+Nagar+Bengaluru
Burma Burma - Indiranagar,standalone,Indiranagar,4.8,"Asian, Burmese, Bubble Tea, Beverages, Desserts",2200,cafe_or_coffee,,118,6,False,zomato,https://www.zomato.com/bangalore/burma-burma-indiranagar-indiranagar-bangalore/info,,,,,unmatched,https://www.google.com/maps/search/?api=1&query=Burma+Burma+-+Indiranagar+Indiranagar+Bengaluru
Orah Brew Garden,standalone,Yelahanka,4.5,"Pizza, Pasta",2500,brewery,,87,6,False,zomato,https://www.zomato.com/bangalore/orah-brew-garden-yelahanka-bangalore/info,15971,13.098317,77.573504,,matched,https://www.google.com/maps/search/?api=1&query=Orah+Brew+Garden+Yelahanka+Bengaluru
The Golden Circle Brewery,standalone,Sarjapur Road,4.4,"North Indian, Chinese, South Indian, Continental, Italian, Mexican, Asian",2400,brewery,,76,6,False,zomato,https://www.zomato.com/bangalore/the-golden-circle-brewery-sarjapur-road-bangalore/info,22435,12.894977,77.694252,,matched,https://www.google.com/maps/search/?api=1&query=The+Golden+Circle+Brewery+Sarjapur+Road+Bengaluru
Bombay Brasserie,standalone,Malleshwaram,4.6,"Biryani, Desserts, Modern Indian, Tea, Kebab, Mughlai, North Indian",3000,cafe_or_coffee,,21,5,False,zomato,https://www.zomato.com/bangalore/bombay-brasserie-malleshwaram-bangalore/info,,,,,unmatched,https://www.google.com/maps/search/?api=1&query=Bombay+Brasserie+Malleshwaram+Bengaluru
Suka Brew and Kitchen,standalone,Nagarbhavi,4.3,"North Indian, Seafood, Salad, Chinese, Fast Food",1200,brewery,,22,5,False,zomato,https://www.zomato.com/bangalore/suka-brew-and-kitchen-nagarbhavi-bangalore/info,,,,,unmatched,https://www.google.com/maps/search/?api=1&query=Suka+Brew+and+Kitchen+Nagarbhavi+Bengaluru
Old Mill Brewing Co,standalone,"Varthur Main Road, Whitefield",4.5,"South Indian, North Indian, Asian, Italian",2000,brewery,,74,4,False,zomato,https://www.zomato.com/bangalore/old-mill-brewing-co-varthur-main-road-whitefield-bangalore/info,15815,12.924522,77.737082,https://oldmillbrewing.com/,matched,https://www.google.com/maps/search/?api=1&query=Old+Mill+Brewing+Co+Varthur+Main+Road%2C+Whitefield+Bengaluru
Founders Brewery,standalone,Sanjay Nagar,4.4,"North Indian, South Indian, Chinese",2200,brewery,,19,4,False,zomato,https://www.zomato.com/bangalore/founders-brewery-sanjay-nagar-bangalore/info,22405,13.027204,77.57712,http://Www.foundersbrewry.in/,matched,https://www.google.com/maps/search/?api=1&query=Founders+Brewery+Sanjay+Nagar+Bengaluru
The Brewseum,standalone,"ITPL Main Road, Whitefield",4.2,"Continental, Indian, Asian",2600,brewery,,138,4,False,zomato,https://www.zomato.com/bangalore/the-brewseum-itpl-main-road-whitefield-bangalore/info,,,,,unmatched,https://www.google.com/maps/search/?api=1&query=The+Brewseum+ITPL+Main+Road%2C+Whitefield+Bengaluru
Chai Nagri,standalone,Koramangala 1st Block,4.5,"Beverages, Fast Food, Burger, Sandwich, Tea, Shake",500,cafe_or_coffee,,52,3,False,zomato,https://www.zomato.com/bangalore/chai-nagri-koramangala-1st-block-bangalore/info,,,,,unmatched,https://www.google.com/maps/search/?api=1&query=Chai+Nagri+Koramangala+1st+Block+Bengaluru
Nusa Tropical Brewvilla,standalone,"Varthur Main Road, Whitefield",4.3,"North Indian, Asian, Continental, European, South Indian, Indonesian, Bar Food, Finger Food",2000,brewery,,85,3,False,zomato,https://www.zomato.com/bangalore/nusa-tropical-brewvilla-varthur-main-road-whitefield-bangalore/info,,,,,unmatched,https://www.google.com/maps/search/?api=1&query=Nusa+Tropical+Brewvilla+Varthur+Main+Road%2C+Whitefield+Bengaluru
46 Ounces Brewgarden,standalone,Electronic City,4.2,"Chinese, Continental, Indo-Chinese, North Indian, Asian",2400,brewery,,136,3,False,zomato,https://www.zomato.com/bangalore/46-ounces-brewgarden-electronic-city-bangalore/info,,,,,unmatched,https://www.google.com/maps/search/?api=1&query=46+Ounces+Brewgarden+Electronic+City+Bengaluru
Mipi Lounge,standalone,Mysore Road,4.5,"Continental, Oriental, Italian, Pizza, Desserts, Coffee, Beverages",900,cafe_or_coffee,,44,2,False,zomato,https://www.zomato.com/bangalore/mipi-lounge-1-mysore-road-bangalore/info,14208,12.888287,77.472946,https://www.mipilounge.com/,matched,https://www.google.com/maps/search/?api=1&query=Mipi+Lounge+Mysore+Road+Bengaluru
The Persian Terrace - Sheraton Grand Bangalore Hotel at Brigade Gateway,standalone,Malleshwaram,4.3,"Iranian, Mediterranean, Afghan, Seafood, Desserts",3500,cafe_or_coffee,,79,2,False,zomato,https://www.zomato.com/bangalore/the-persian-terrace-sheraton-grand-bangalore-hotel-at-brigade-gateway-malleshwaram/info,,,,,unmatched,https://www.google.com/maps/search/?api=1&query=The+Persian+Terrace+-+Sheraton+Grand+Bangalore+Hotel+at+Brigade+Gateway+Malleshwaram+Bengaluru
The Filter Coffee,standalone,Jayanagar,4.1,"Coffee, South Indian",500,cafe_or_coffee,,35,2,False,zomato,https://www.zomato.com/bangalore/the-filter-coffee-jayanagar-bangalore/info,,,,,unmatched,https://www.google.com/maps/search/?api=1&query=The+Filter+Coffee+Jayanagar+Bengaluru
Brunch Project,standalone,Koramangala 4th Block,4.1,"Continental, Sandwich, Fast Food, Pancake, Tea, Beverages",1200,cafe_or_coffee,,85,2,False,zomato,https://www.zomato.com/bangalore/brunch-project-1-koramangala-4th-block-bangalore/info,3571,12.929014,77.629105,,matched,https://www.google.com/maps/search/?api=1&query=Brunch+Project+Koramangala+4th+Block+Bengaluru
Coffee Brew Hub,standalone,MG Road,4.9,"Chinese , North Indian",600,brewery,,5,1,False,swiggy,https://www.swiggy.com/restaurants/coffee-brew-hub-mg-road-bangalore-1186453/dineout,5779,12.973845,77.609268,http://www.coffeebrewhub.in/,matched,https://www.google.com/maps/search/?api=1&query=Coffee+Brew+Hub+MG+Road+Bengaluru
The Coco Club Matcha And More,standalone,Sarjapur Road,4.8,"Coffee House , Tea Room",800,cafe_or_coffee,,11,1,False,swiggy,https://www.swiggy.com/restaurants/the-coco-club-matcha-and-more-sarjapur-road-bangalore-1258457/dineout,,,,,unmatched,https://www.google.com/maps/search/?api=1&query=The+Coco+Club+Matcha+And+More+Sarjapur+Road+Bengaluru
Vida Brazilian Cafe,standalone,Hennur,4.8,"Brazilian , Coffee House",1000,cafe_or_coffee,,2,1,False,swiggy,https://www.swiggy.com/restaurants/vida-brazilian-cafe-hennur-bangalore-1162157/dineout,23997,13.029283,77.632879,,matched,https://www.google.com/maps/search/?api=1&query=Vida+Brazilian+Cafe+Hennur+Bengaluru
Brew La Paix,standalone,HRBR Layout,4.8,"Continental , North Indian",800,brewery,,4,1,False,swiggy,https://www.swiggy.com/restaurants/brew-la-paix-hrbr-layout-bangalore-1184557/dineout,,,,,unmatched,https://www.google.com/maps/search/?api=1&query=Brew+La+Paix+HRBR+Layout+Bengaluru
Kling Brewery,standalone,"Sattva Auro, Church Street",4.6,"American , North Indian",1600,brewery,,3,1,False,swiggy,https://www.swiggy.com/restaurants/kling-brewery-church-street-bangalore-818431/dineout,12044,12.974937,77.604501,https://www.klingbreweries.com/,matched,https://www.google.com/maps/search/?api=1&query=Kling+Brewery+Sattva+Auro%2C+Church+Street+Bengaluru
Cafe Du L'Amour,standalone,Koramangala 4th Block,4.6,"Coffee, Continental, Pancake, Pizza, Italian",1400,cafe_or_coffee,,40,1,False,zomato,https://www.zomato.com/bangalore/cafe-du-lamour-1-koramangala-4th-block-bangalore/info,,,,,unmatched,https://www.google.com/maps/search/?api=1&query=Cafe+Du+L%27Amour+Koramangala+4th+Block+Bengaluru
Boteco Restaurante Brasileiro,standalone,Ashok Nagar,4.6,"Brazilian, South American, European, Finger Food, Desserts, Coffee, Beverages",2500,cafe_or_coffee,,74,1,False,zomato,https://www.zomato.com/bangalore/boteco-restaurante-brasileiro-ashok-nagar-bangalore/info,3384,12.97338,77.614382,https://boteco.co.in/,matched,https://www.google.com/maps/search/?api=1&query=Boteco+Restaurante+Brasileiro+Ashok+Nagar+Bengaluru
"Frozen Bottle - Milkshakes, Desserts And Ice Cream",standalone,Nagawara,4.6,"Shake, Coffee, Tea, Beverages, Waffle, Ice Cream, Desserts",300,cafe_or_coffee,,111,1,False,zomato,https://www.zomato.com/bangalore/frozen-bottle-milkshakes-desserts-and-ice-cream-nagawara-bangalore/info,,,,,unmatched,https://www.google.com/maps/search/?api=1&query=Frozen+Bottle+-+Milkshakes%2C+Desserts+And+Ice+Cream+Nagawara+Bengaluru
Best Brews - Four Points by Sheraton Bengaluru Whitefield,standalone,Whitefield,4.6,"North Indian, Kebab, Beverages, Coffee, Bar Food",3000,brewery,,80,1,False,zomato,https://www.zomato.com/bangalore/best-brews-four-points-by-sheraton-bengaluru-whitefield-whitefield/info,,,,,unmatched,https://www.google.com/maps/search/?api=1&query=Best+Brews+-+Four+Points+by+Sheraton+Bengaluru+Whitefield+Whitefield+Bengaluru
Bier Loft Brewing Company,standalone,"Nishaanth Elegance, Electronic City",4.6,"Asian , North Indian",1500,brewery,,12,1,False,swiggy,https://www.swiggy.com/restaurants/bier-loft-brewing-company-electronic-city-bangalore-1008196/dineout,2807,12.841529,77.644613,,matched,https://www.google.com/maps/search/?api=1&query=Bier+Loft+Brewing+Company+Nishaanth+Elegance%2C+Electronic+City+Bengaluru
Brew La Paix,standalone,Kalyan Nagar,4.6,"Salad, Fast Food, Beverages, Burger, Pasta, Wraps",1000,brewery,,82,1,False,zomato,https://www.zomato.com/bangalore/brew-la-paix-kalyan-nagar-bangalore/info,,,,,unmatched,https://www.google.com/maps/search/?api=1&query=Brew+La+Paix+Kalyan+Nagar+Bengaluru
Candles Brewhouse,standalone,"Azure Mall, Hebbal",4.5,"Continental , North Indian",2500,brewery,,13,1,False,swiggy,https://www.swiggy.com/restaurants/candles-brewhouse-hebbal-bangalore-649200/dineout,4644,13.05539,77.594331,https://candlesbrewhouse.in/,matched,https://www.google.com/maps/search/?api=1&query=Candles+Brewhouse+Azure+Mall%2C+Hebbal+Bengaluru
46 Ounces Brewgarden,standalone,"Velankani Tech Park, Electronic City",4.5,"Italian , North Indian",1900,brewery,,8,1,False,swiggy,https://www.swiggy.com/restaurants/46-ounces-brewgarden-electronic-city-bangalore-275580/dineout,,,,,unmatched,https://www.google.com/maps/search/?api=1&query=46+Ounces+Brewgarden+Velankani+Tech+Park%2C+Electronic+City+Bengaluru
Meloghrano,standalone,Basavanagudi,4.5,"Continental , Coffee House",1200,cafe_or_coffee,,6,1,False,swiggy,https://www.swiggy.com/restaurants/meloghrano-basavanagudi-bangalore-1052331/dineout,14066,12.928911,77.567063,,matched,https://www.google.com/maps/search/?api=1&query=Meloghrano+Basavanagudi+Bengaluru
Happiness Dhaba - Truly North Indian,standalone,Sahakara Nagar,4.5,"North Indian, Fast Food, Street Food, Pizza, Burger, Sandwich, Tea, Beverages",500,cafe_or_coffee,,1,1,False,zomato,https://www.zomato.com/bangalore/happiness-dhaba-truly-north-indian-sahakara-nagar-bangalore/info,,,,,unmatched,https://www.google.com/maps/search/?api=1&query=Happiness+Dhaba+-+Truly+North+Indian+Sahakara+Nagar+Bengaluru
Bubbles & Co.,standalone,Bellandur,4.5,"Waffle, Bubble Tea, Shake, Beverages",550,cafe_or_coffee,,88,1,False,zomato,https://www.zomato.com/bangalore/bubbles-co-bellandur-bangalore/info,3591,12.911947,77.664619,https://tinw.in/bubble-co,matched,https://www.google.com/maps/search/?api=1&query=Bubbles+%26+Co.+Bellandur+Bengaluru
The Craftery By Subko,standalone,Koramangala 3rd Block,4.5,"Coffee, Beverages, Sandwich",2400,cafe_or_coffee,,71,1,False,zomato,https://www.zomato.com/bangalore/the-craftery-by-subko-1-koramangala-3rd-block-bangalore/info,,,,,unmatched,https://www.google.com/maps/search/?api=1&query=The+Craftery+By+Subko+Koramangala+3rd+Block+Bengaluru
Moo Cha Kura,standalone,Koramangala 6th Block,4.5,"Beverages, Coffee, Tea",1500,cafe_or_coffee,,112,1,False,zomato,https://www.zomato.com/bangalore/moo-cha-kura-koramangala-6th-block-bangalore/info,,,,,unmatched,https://www.google.com/maps/search/?api=1&query=Moo+Cha+Kura+Koramangala+6th+Block+Bengaluru
Biere Kraft Brew & Kitchen,standalone,Marathahalli,4.5,"North Indian, Chinese, Pizza, Burger, Desserts, Italian, Continental, Pasta",2000,brewery,,90,1,False,zomato,https://www.zomato.com/bangalore/biere-kraft-brew-kitchen-marathahalli-bangalore/info,,,,,unmatched,https://www.google.com/maps/search/?api=1&query=Biere+Kraft+Brew+%26+Kitchen+Marathahalli+Bengaluru
Brau Galie Micro Brewery & Pub,standalone,Koramangala,4.5,"Asian , Continental",1000,brewery,,3,1,False,swiggy,https://www.swiggy.com/restaurants/brau-galie-micro-brewery-and-pub-koramangala-bangalore-1075087/dineout,,,,,unmatched,https://www.google.com/maps/search/?api=1&query=Brau+Galie+Micro+Brewery+%26+Pub+Koramangala+Bengaluru
Peepai Kitchen & Brewery,standalone,"GM Arcade, Hebbal",4.5,"Chinese , North Indian",2000,brewery,,3,1,False,swiggy,https://www.swiggy.com/restaurants/peepai-kitchen-and-brewery-hebbal-bangalore-631961/dineout,,,,,unmatched,https://www.google.com/maps/search/?api=1&query=Peepai+Kitchen+%26+Brewery+GM+Arcade%2C+Hebbal+Bengaluru
Magnolia Bakery,standalone,Malleshwaram,4.4,"Bakery, Desserts, Cake, Ice Cream, British, Beverages, American, Coffee",700,cafe_or_coffee,,35,1,False,zomato,https://www.zomato.com/bangalore/magnolia-bakery-malleshwaram-bangalore/info,,,,,unmatched,https://www.google.com/maps/search/?api=1&query=Magnolia+Bakery+Malleshwaram+Bengaluru
Daffy's Brewgarden,standalone,Indiranagar,4.4,"Continental , North Indian",1000,brewery,,6,1,False,swiggy,https://www.swiggy.com/restaurants/daffys-brewgarden-indiranagar-bangalore-1242667/dineout,,,,,unmatched,https://www.google.com/maps/search/?api=1&query=Daffy%27s+Brewgarden+Indiranagar+Bengaluru
Si Nonna's - The Original Sourdough Pizza,standalone,JP Nagar,4.4,"Italian, Coffee, Pizza",1700,cafe_or_coffee,,94,1,False,zomato,https://www.zomato.com/bangalore/si-nonnas-the-original-sourdough-pizza-jp-nagar-bangalore/info,,,,,unmatched,https://www.google.com/maps/search/?api=1&query=Si+Nonna%27s+-+The+Original+Sourdough+Pizza+JP+Nagar+Bengaluru
Chin Lung Brewery - Indiranagar,standalone,Indiranagar,4.4,"Asian , North Indian",800,brewery,,1,1,False,swiggy,https://www.swiggy.com/restaurants/chin-lung-brewery-indiranagar-indiranagar-bangalore-957286/dineout,,,,,unmatched,https://www.google.com/maps/search/?api=1&query=Chin+Lung+Brewery+-+Indiranagar+Indiranagar+Bengaluru
Arbor Brewing Company,standalone,"Allied Grand Plaza, MG Road",4.4,"American , Continental",1800,brewery,,1,1,False,swiggy,https://www.swiggy.com/restaurants/arbor-brewing-company-mg-road-bangalore-916729/dineout,1385,12.970309,77.610984,https://www.arborbrewing.in/,matched,https://www.google.com/maps/search/?api=1&query=Arbor+Brewing+Company+Allied+Grand+Plaza%2C+MG+Road+Bengaluru
Shooketts Cafe,standalone,MG Road,4.4,"Continental , Coffee House",600,cafe_or_coffee,,3,1,False,swiggy,https://www.swiggy.com/restaurants/shooketts-cafe-mg-road-bangalore-1070066/dineout,19089,12.975047,77.617932,,matched,https://www.google.com/maps/search/?api=1&query=Shooketts+Cafe+MG+Road+Bengaluru
Arena Brewhouse,standalone,Indiranagar,4.3,"Asian , Continental",2000,brewery,,11,1,False,swiggy,https://www.swiggy.com/restaurants/arena-brewhouse-indiranagar-bangalore-1246051/dineout,1395,12.976788,77.641226,,matched,https://www.google.com/maps/search/?api=1&query=Arena+Brewhouse+Indiranagar+Bengaluru
The Churros Corner,standalone,Frazer Town,4.3,"Ice Cream, Coffee, Shake, Waffle, Pancake",400,cafe_or_coffee,,116,1,False,zomato,https://www.zomato.com/bangalore/the-churros-corner-frazer-town-bangalore/info,22262,12.995529,77.614149,,matched,https://www.google.com/maps/search/?api=1&query=The+Churros+Corner+Frazer+Town+Bengaluru
Yauatcha Patisserie,standalone,MG Road,4.3,"Desserts, Tea",600,cafe_or_coffee,,125,1,False,zomato,https://www.zomato.com/bangalore/yauatcha-patisserie-mg-road-bangalore/info,,,,,unmatched,https://www.google.com/maps/search/?api=1&query=Yauatcha+Patisserie+MG+Road+Bengaluru
Vista- JW Marriott Bengluru Prestige Golfshire Resort & Spa,standalone,Devanahalli,4.3,"Tea, Coffee, Finger Food, Drinks Only",3500,cafe_or_coffee,,139,1,False,zomato,https://www.zomato.com/bangalore/vista-jw-marriott-bengluru-prestige-golfshire-resort-spa-devanahalli-bangalore/info,,,,,unmatched,https://www.google.com/maps/search/?api=1&query=Vista-+JW+Marriott+Bengluru+Prestige+Golfshire+Resort+%26+Spa+Devanahalli+Bengaluru
Geist Brewing Co.,standalone,"Orion Mall, Rajajinagar",4.3,"Continental , North Indian",1700,brewery,,14,1,False,swiggy,https://www.swiggy.com/restaurants/geist-brewing-co-rajajinagar-bangalore-468791/dineout,,,,,unmatched,https://www.google.com/maps/search/?api=1&query=Geist+Brewing+Co.+Orion+Mall%2C+Rajajinagar+Bengaluru
Sando Club,standalone,Shivajinagar,4.3,"Sandwich, Fast Food, Beverages, Ice Cream, Desserts, Coffee",800,cafe_or_coffee,,58,1,False,zomato,https://www.zomato.com/bangalore/sando-club-1-shivajinagar-bangalore/info,,,,,unmatched,https://www.google.com/maps/search/?api=1&query=Sando+Club+Shivajinagar+Bengaluru
Pizza Hub,standalone,Tumkur Locality,4.3,"Cafe, Pizza, Fast Food, Burger, Sandwich",300,cafe_or_coffee,,61,1,False,zomato,https://www.zomato.com/tumkur/pizza-hub-tumkur-locality/info,,,,,unmatched,https://www.google.com/maps/search/?api=1&query=Pizza+Hub+Tumkur+Locality+Bengaluru
ee Kavii Kafe,standalone,JP Nagar,4.2,"Beverages , Coffee House",1000,cafe_or_coffee,,7,1,False,swiggy,https://www.swiggy.com/restaurants/ee-kavii-kafe-jp-nagar-bangalore-1024845/dineout,7493,12.90665,77.578049,https://eekavii.in/,matched,https://www.google.com/maps/search/?api=1&query=ee+Kavii+Kafe+JP+Nagar+Bengaluru
The Peck,standalone,Koramangala 8th Block,4.2,"Continental, Coffee, Pizza",1100,cafe_or_coffee,,84,1,False,zomato,https://www.zomato.com/bangalore/the-peck-1-koramangala-8th-block-bangalore/info,22721,12.940836,77.620259,,matched,https://www.google.com/maps/search/?api=1&query=The+Peck+Koramangala+8th+Block+Bengaluru
Golden China,standalone,Koramangala 5th Block,4.2,"Chinese, Korean, Thai, Seafood, Bubble Tea, Beverages",1100,cafe_or_coffee,,79,1,False,zomato,https://www.zomato.com/bangalore/golden-china-koramangala-5th-block-bangalore/info,8641,12.929126,77.634819,,matched,https://www.google.com/maps/search/?api=1&query=Golden+China+Koramangala+5th+Block+Bengaluru
Rajputana - Relishing Traditional Flavours,standalone,Whitefield,4.2,"North Indian, Beverages, Chinese, Indo-Chinese, Rajasthani, Tea",300,cafe_or_coffee,,58,1,False,zomato,https://www.zomato.com/bangalore/rajputana-relishing-traditional-flavours-whitefield-bangalore/info,,,,,unmatched,https://www.google.com/maps/search/?api=1&query=Rajputana+-+Relishing+Traditional+Flavours+Whitefield+Bengaluru
Adhira & Appa Coffee,standalone,Sarjapur Road,4.2,"Desserts , Coffee House",600,cafe_or_coffee,,13,1,False,swiggy,https://www.swiggy.com/restaurants/adhira-and-appa-coffee-sarjapur-road-bangalore-1337520/dineout,420,12.919571,77.668258,,matched,https://www.google.com/maps/search/?api=1&query=Adhira+%26+Appa+Coffee+Sarjapur+Road+Bengaluru
Krispy Kreme,standalone,"Mantri Square Mall, Malleshwaram",4.2,"Desserts , Coffee House",500,cafe_or_coffee,,13,1,False,swiggy,https://www.swiggy.com/restaurants/krispy-kreme-malleshwaram-bangalore-59147/dineout,12264,13.011629,77.55532,http://krispykremeindia.in,matched,https://www.google.com/maps/search/?api=1&query=Krispy+Kreme+Mantri+Square+Mall%2C+Malleshwaram+Bengaluru
Bar Moxy,standalone,Devanahalli,4.1,"Bar Food, Coffee, Beverages, Desserts",2100,cafe_or_coffee,,141,1,False,zomato,https://www.zomato.com/bangalore/bar-moxy-devanahalli-bangalore/info,,,,,unmatched,https://www.google.com/maps/search/?api=1&query=Bar+Moxy+Devanahalli+Bengaluru
Pizza Brew House,standalone,New BEL Road,4.1,"Pizza, Pasta, Fast Food, Coffee, Beverages",2000,brewery,,70,1,False,zomato,https://www.zomato.com/bangalore/pizza-brew-house-new-bel-road-bangalore/info,16613,13.029909,77.57058,,matched,https://www.google.com/maps/search/?api=1&query=Pizza+Brew+House+New+BEL+Road+Bengaluru
Chai Point - Bellandur,standalone,"AGR Plaza, Bellandur",4.1,"North Indian , Tea Room",400,cafe_or_coffee,,8,1,False,swiggy,https://www.swiggy.com/restaurants/chai-point-bellandur-bellandur-bangalore-481850/dineout,,,,,unmatched,https://www.google.com/maps/search/?api=1&query=Chai+Point+-+Bellandur+AGR+Plaza%2C+Bellandur+Bengaluru
IDC Kitchen,standalone,Basavanagudi,4.1,"South Indian , Tea Room",300,cafe_or_coffee,,14,1,False,swiggy,https://www.swiggy.com/restaurants/idc-kitchen-basavanagudi-bangalore-335405/dineout,,,,,unmatched,https://www.google.com/maps/search/?api=1&query=IDC+Kitchen+Basavanagudi+Bengaluru
Nueva Premium Cafe,standalone,Mysore Road,4.0,"Cafe, Continental, Italian, Steak",450,cafe_or_coffee,,20,1,False,zomato,https://www.zomato.com/bangalore/nueva-premium-cafe-4-mysore-road-bangalore/info,,,,,unmatched,https://www.google.com/maps/search/?api=1&query=Nueva+Premium+Cafe+Mysore+Road+Bengaluru
Cafe Vishala,standalone,Kanakapura Road,4.0,"Cafe, South Indian, North Indian, Chinese, Beverages, Desserts",950,cafe_or_coffee,,68,1,False,zomato,https://www.zomato.com/bangalore/cafe-vishala-kanakapura-road/info,4420,12.826997,77.510498,http://www.cafevishala.in/,matched,https://www.google.com/maps/search/?api=1&query=Cafe+Vishala+Kanakapura+Road+Bengaluru
Cafe Vishala Bistro,standalone,Kanakapura Road,4.0,"Cafe, Italian, Pizza, Beverages",850,cafe_or_coffee,,86,1,False,zomato,https://www.zomato.com/bangalore/cafe-vishala-bistro-1-kanakapura-road-bangalore/info,,,,,unmatched,https://www.google.com/maps/search/?api=1&query=Cafe+Vishala+Bistro+Kanakapura+Road+Bengaluru
Xero Degrees,standalone,Koramangala 5th Block,4.1,"Cafe, Coffee, Fast Food, Pizza, Burger, Sandwich, Waffle, Beverages",1000,cafe_or_coffee,,,62,True,zomato,https://www.zomato.com/bangalore/xero-degrees-koramangala-5th-block-bangalore/info,24462,12.966539,77.714128,,matched,https://www.google.com/maps/search/?api=1&query=Xero+Degrees+Koramangala+5th+Block+Bengaluru
Over Coffee Cafe & Wine Bar,franchise,3 outlets,4.5,"European, Italian, Continental, Cafe, Coffee",1000,cafe_or_coffee,,,53,True,zomato,https://www.zomato.com/bangalore/over-coffee-cafe-wine-bar-lavelle-road-bangalore/info,24709,,,https://www.thrillophilia.com/the-finest-cafes-of-bangalore,matched,Any
Vanamo,standalone,Indiranagar,4.4,"Cafe, Continental, Coffee, International",2000,cafe_or_coffee,,,52,True,zomato,https://www.zomato.com/bangalore/vanamo-indiranagar-bangalore/info,23856,12.973204,77.64144,https://vanamo.in/,matched,https://www.google.com/maps/search/?api=1&query=Vanamo+Indiranagar+Bengaluru
Tea Villa Cafe,standalone,Jayanagar,4.1,"Cafe, Continental, Chinese, Mexican, Fast Food, Tea, Beverages, Desserts",1300,cafe_or_coffee,,,52,True,zomato,https://www.zomato.com/bangalore/tea-villa-cafe-jayanagar-bangalore/info,,,,,unmatched,https://www.google.com/maps/search/?api=1&query=Tea+Villa+Cafe+Jayanagar+Bengaluru
The Leankafe & The Coffee Society,standalone,Koramangala 5th Block,4.4,"Beverages, Cafe, Tea, Coffee",700,cafe_or_coffee,,,48,True,zomato,https://www.zomato.com/bangalore/the-leankafe-the-coffee-society-koramangala-5th-block-bangalore/info,,,,,unmatched,https://www.google.com/maps/search/?api=1&query=The+Leankafe+%26+The+Coffee+Society+Koramangala+5th+Block+Bengaluru
Amintiri,standalone,Church Street,4.6,"Desserts, Bakery, Fast Food, Beverages, Pasta, Italian, Cafe, Finger Food",1100,cafe_or_coffee,,,40,True,zomato,https://www.zomato.com/bangalore/amintiri-church-street-bangalore/info,,,,,unmatched,https://www.google.com/maps/search/?api=1&query=Amintiri+Church+Street+Bengaluru
Trippy Goat Cafe,standalone,Ashok Nagar,4.5,"Cafe, Coffee, Italian, Pizza, Desserts, Beverages",1500,cafe_or_coffee,,,38,True,zomato,https://www.zomato.com/bangalore/trippy-goat-cafe-ashok-nagar-bangalore/info,,,,,unmatched,https://www.google.com/maps/search/?api=1&query=Trippy+Goat+Cafe+Ashok+Nagar+Bengaluru
TFG,standalone,Brookefield,4.3,"Desserts, Cafe, Bakery",1500,cafe_or_coffee,,,38,True,zomato,https://www.zomato.com/bangalore/tfg-1-brookefield-bangalore/info,,,,,unmatched,https://www.google.com/maps/search/?api=1&query=TFG+Brookefield+Bengaluru
Meloghrano Cafe,standalone,Basavanagudi,4.5,"Italian, Pizza, Cafe",1300,cafe_or_coffee,,,37,True,zomato,https://www.zomato.com/bangalore/meloghrano-cafe-basavanagudi-bangalore/info,14066,12.928911,77.567063,,matched,https://www.google.com/maps/search/?api=1&query=Meloghrano+Cafe+Basavanagudi+Bengaluru
Cafe Noir,standalone,Indiranagar,4.2,"Continental, French, Pizza, Pasta, Burger, Italian, Sandwich, Cafe",2000,cafe_or_coffee,,,37,True,zomato,https://www.zomato.com/bangalore/cafe-noir-1-indiranagar-bangalore/info,,,,,unmatched,https://www.google.com/maps/search/?api=1&query=Cafe+Noir+Indiranagar+Bengaluru
The Coffee Theatre,standalone,Indiranagar,4.6,"Cafe, Pizza, Burger, Sandwich, Pasta, Desserts",1200,cafe_or_coffee,,,35,True,zomato,https://www.zomato.com/bangalore/the-coffee-theatre-1-indiranagar-bangalore/info,22286,12.970245,77.639366,,matched,https://www.google.com/maps/search/?api=1&query=The+Coffee+Theatre+Indiranagar+Bengaluru
Mangroove Taproom and Kitchen,standalone,Bommanahalli,4.4,"North Indian, Chinese, South Indian, Pizza, Beverages, Cafe",1200,cafe_or_coffee,,,33,True,zomato,https://www.zomato.com/bangalore/mangroove-taproom-and-kitchen-bommanahalli-bangalore/info,13508,12.867298,77.663567,,matched,https://www.google.com/maps/search/?api=1&query=Mangroove+Taproom+and+Kitchen+Bommanahalli+Bengaluru
Kling Brewery,standalone,Church Street,4.4,"Continental, European, Asian, Chinese, North Indian, South Indian, Seafood",2800,brewery,,,32,True,zomato,https://www.zomato.com/bangalore/kling-brewery-church-street-bangalore/info,12044,12.974937,77.604501,https://www.klingbreweries.com/,matched,https://www.google.com/maps/search/?api=1&query=Kling+Brewery+Church+Street+Bengaluru
boCHE & Shakesbierre - Brewpub & Club,standalone,Brigade Road,4.4,"Finger Food, North Indian, Continental, Italian, Desserts, Beverages",1800,brewery,,,32,True,zomato,https://www.zomato.com/bangalore/boche-shakesbierre-brewpub-club-brigade-road-bangalore/info,,,,,unmatched,https://www.google.com/maps/search/?api=1&query=boCHE+%26+Shakesbierre+-+Brewpub+%26+Club+Brigade+Road+Bengaluru
Ganbeii Microbrewery,standalone,Koramangala 7th Block,4.3,"Continental, Desserts, Kerala, North Indian, Pizza, Biryani, Seafood, South Indian",2000,brewery,,,25,True,zomato,https://www.zomato.com/bangalore/ganbeii-microbrewery-koramangala-7th-block-bangalore/info,8343,12.932979,77.614781,https://www.ganbeii.in/,matched,https://www.google.com/maps/search/?api=1&query=Ganbeii+Microbrewery+Koramangala+7th+Block+Bengaluru
Brahma Brews,franchise,3 outlets,4.5,"North Indian, Chinese, South Indian, Pizza, Bakery, Biryani, Burger, Momos",2000,brewery,,,22,True,zomato,https://www.zomato.com/bangalore/brahma-brews-1-bellandur-bangalore/info,3402,12.893235,77.586472,,matched,Any
Go Native,standalone,Lavelle Road,4.7,"Healthy Food, Desserts, Beverages, Coffee, Pizza, Oriental, Salad",2000,cafe_or_coffee,,,16,True,zomato,https://www.zomato.com/bangalore/go-native-1-lavelle-road-bangalore/info,8590,12.968844,77.597089,https://gonative.in,matched,https://www.google.com/maps/search/?api=1&query=Go+Native+Lavelle+Road+Bengaluru
Amintiri,standalone,HSR,4.5,"Bakery, Sandwich, Desserts, Coffee, Pasta, Pancake, Salad, Cafe",1000,cafe_or_coffee,,,15,True,zomato,https://www.zomato.com/bangalore/amintiri-1-hsr-bangalore/info,,,,,unmatched,https://www.google.com/maps/search/?api=1&query=Amintiri+HSR+Bengaluru
Toro Brew House & Kitchen,standalone,Sanjay Nagar,4.3,"North Indian, Continental, Beverages, Desserts",1000,brewery,,,14,True,zomato,https://www.zomato.com/bangalore/toro-brew-house-kitchen-sanjay-nagar-bangalore/info,,,,,unmatched,https://www.google.com/maps/search/?api=1&query=Toro+Brew+House+%26+Kitchen+Sanjay+Nagar+Bengaluru
Sunshine cafe,standalone,Koramangala 2nd Block,4.4,"Continental, Burger, Sandwich, Italian, Pizza, Ice Cream, American, Coffee",600,cafe_or_coffee,,,13,True,zomato,https://www.zomato.com/bangalore/sunshine-cafe-2-koramangala-2nd-block-bangalore/info,21306,12.925846,77.618438,,matched,https://www.google.com/maps/search/?api=1&query=Sunshine+cafe+Koramangala+2nd+Block+Bengaluru
The Patio at 24/1,standalone,Lavelle Road,4.4,"Pizza, Fast Food, Coffee, Beverages",800,cafe_or_coffee,,,13,True,zomato,https://www.zomato.com/bangalore/the-patio-at-24-1-lavelle-road-bangalore/info,,,,,unmatched,https://www.google.com/maps/search/?api=1&query=The+Patio+at+24%2F1+Lavelle+Road+Bengaluru
BRAU GALIE MICROBREWERY,standalone,Koramangala 5th Block,4.6,"North Indian, South Indian, Biryani",1800,brewery,,,12,True,zomato,https://www.zomato.com/bangalore/brau-galie-microbrewery-1-koramangala-5th-block-bangalore/info,,,,,unmatched,https://www.google.com/maps/search/?api=1&query=BRAU+GALIE+MICROBREWERY+Koramangala+5th+Block+Bengaluru
F5 - Hilton Embassy Manyata Business Park,standalone,Nagawara,4.2,"North Indian, Continental, Pizza, Fast Food, Coffee, Tea, Desserts, Beverages",2800,cafe_or_coffee,,,12,True,zomato,https://www.zomato.com/bangalore/f5-hilton-embassy-manyata-business-park-nagawara-bangalore/info,,,,,unmatched,https://www.google.com/maps/search/?api=1&query=F5+-+Hilton+Embassy+Manyata+Business+Park+Nagawara+Bengaluru
La Roserie,standalone,HBR Layout,4.5,"Coffee, Tea, Shake, Beverages, Pizza, Sandwich, Pasta, Desserts",800,cafe_or_coffee,,,11,True,zomato,https://www.zomato.com/bangalore/la-roserie-hbr-layout-bangalore/info,12487,13.023722,77.634834,,matched,https://www.google.com/maps/search/?api=1&query=La+Roserie+HBR+Layout+Bengaluru
IKOI Tokyo,standalone,JP Nagar,4.4,"Japanese, Sushi, Bakery, Desserts, Coffee",900,cafe_or_coffee,,,11,True,zomato,https://www.zomato.com/bangalore/ikoi-tokyo-jp-nagar-bangalore/info,10231,12.903619,77.585992,https://ikoitokyo.com,matched,https://www.google.com/maps/search/?api=1&query=IKOI+Tokyo+JP+Nagar+Bengaluru
Geometry Brewery & Kitchen,standalone,Rajajinagar,4.3,"Chinese, North Indian, Italian, Continental, Pizza, Desserts, Beverages, Bar Food",1800,brewery,,,10,True,zomato,https://www.zomato.com/bangalore/geometry-brewery-kitchen-rajajinagar-bangalore/info,8483,13.008029,77.557121,https://www.zomato.com/bangalore/geometry-brewery-kitchen-rajajinagar-bangalore,matched,https://www.google.com/maps/search/?api=1&query=Geometry+Brewery+%26+Kitchen+Rajajinagar+Bengaluru
District 6 Pub Brewery & Kitchen,standalone,Malleshwaram,4.5,"North Indian, Pizza, Italian, Bar Food, Continental, Asian, Desserts",2500,brewery,,,8,True,zomato,https://www.zomato.com/bangalore/district-6-pub-brewery-kitchen-malleshwaram-bangalore/info,,,,,unmatched,https://www.google.com/maps/search/?api=1&query=District+6+Pub+Brewery+%26+Kitchen+Malleshwaram+Bengaluru
The Indies 365 Cafe,standalone,Sadashiv Nagar,4.4,"Indo-Chinese, Biryani, South Indian, Chettinad, Coffee, North Indian, Healthy Food, Chinese",1000,cafe_or_coffee,,,8,True,zomato,https://www.zomato.com/bangalore/the-indies-365-cafe-sadashiv-nagar-bangalore/info,,,,,unmatched,https://www.google.com/maps/search/?api=1&query=The+Indies+365+Cafe+Sadashiv+Nagar+Bengaluru
Proxy | Resto Bar,standalone,Brookefield,4.2,"North Indian, Chinese, Pizza, Beverages, Coffee, Asian",1800,cafe_or_coffee,,,8,True,zomato,https://www.zomato.com/bangalore/proxy-resto-bar-brookefield-bangalore/info,,,,,unmatched,https://www.google.com/maps/search/?api=1&query=Proxy+%7C+Resto+Bar+Brookefield+Bengaluru
Fast Coffee,standalone,Koramangala 6th Block,4.5,"Coffee, Beverages, Bakery, American, Desserts, French, Shake, Tea",800,cafe_or_coffee,,,7,True,zomato,https://www.zomato.com/bangalore/fast-coffee-koramangala-6th-block-bangalore/info,7729,12.93505,77.625059,https://fastcoffee.in/,matched,https://www.google.com/maps/search/?api=1&query=Fast+Coffee+Koramangala+6th+Block+Bengaluru
Burma Burma - Orion Mall,standalone,Malleshwaram,4.7,"Asian, Burmese, Bubble Tea, Beverages, Desserts",2200,cafe_or_coffee,,,6,True,zomato,https://www.zomato.com/bangalore/burma-burma-orion-mall-malleshwaram-bangalore/info,,,,,unmatched,https://www.google.com/maps/search/?api=1&query=Burma+Burma+-+Orion+Mall+Malleshwaram+Bengaluru
2 Pints Brewing,standalone,Brookefield,4.5,"Pizza, Burger, Continental, Italian, Bar Food, Modern Indian, Pasta, North Indian",2200,brewery,,,6,True,zomato,https://www.zomato.com/bangalore/2-pints-brewing-brookefield-bangalore/info,,,,,unmatched,https://www.google.com/maps/search/?api=1&query=2+Pints+Brewing+Brookefield+Bengaluru
Gulheera Coffee,standalone,BTM,4.5,"Continental, Coffee",400,cafe_or_coffee,,,6,True,zomato,https://www.zomato.com/bangalore/gulheera-coffee-1-btm-bangalore/info,8963,12.914564,77.606041,,matched,https://www.google.com/maps/search/?api=1&query=Gulheera+Coffee+BTM+Bengaluru
Burma Burma - Hebbal,standalone,Hebbal,4.7,"Asian, Burmese, Bubble Tea, Beverages, Desserts",2200,cafe_or_coffee,,,5,True,zomato,https://www.zomato.com/bangalore/burma-burma-hebbal-hebbal-bangalore/info,,,,,unmatched,https://www.google.com/maps/search/?api=1&query=Burma+Burma+-+Hebbal+Hebbal+Bengaluru
Vapour Brewpub And Diner,standalone,Sarjapur Road,4.2,"North Indian, Continental, Italian, European, Biryani, Salad, Desserts, Beverages",2200,brewery,,,5,True,zomato,https://www.zomato.com/bangalore/vapour-brewpub-and-diner-sarjapur-road-bangalore/info,,,,,unmatched,https://www.google.com/maps/search/?api=1&query=Vapour+Brewpub+And+Diner+Sarjapur+Road+Bengaluru
Deck Of Brews,standalone,Kadubeesanahalli,4.3,"North Indian, Continental, Pizza, Pasta, Italian, Asian, Desserts, South Indian",1500,brewery,,,4,True,zomato,https://www.zomato.com/bangalore/deck-of-brews-kadubeesanahalli-bangalore/info,6464,12.932652,77.696785,,matched,https://www.google.com/maps/search/?api=1&query=Deck+Of+Brews+Kadubeesanahalli+Bengaluru
Burma Burma - Ecoworld,standalone,Sarjapur Road,4.6,"Asian, Burmese, Bubble Tea, Beverages, Desserts",2200,cafe_or_coffee,,,3,True,zomato,https://www.zomato.com/bangalore/burma-burma-ecoworld-sarjapur-road-bangalore/info,,,,,unmatched,https://www.google.com/maps/search/?api=1&query=Burma+Burma+-+Ecoworld+Sarjapur+Road+Bengaluru
Nana's,standalone,"Varthur Main Road, Whitefield",4.1,"North Indian, Fast Food, Pizza, Pasta, Coffee, Italian, Desserts, Beverages",2300,cafe_or_coffee,,,3,True,zomato,https://www.zomato.com/bangalore/nanas-varthur-main-road-whitefield-bangalore/info,,,,,unmatched,https://www.google.com/maps/search/?api=1&query=Nana%27s+Varthur+Main+Road%2C+Whitefield+Bengaluru
Burma Burma - Brigade Road,standalone,Brigade Road,4.7,"Asian, Burmese, Bubble Tea, Beverages, Desserts",2200,cafe_or_coffee,,,2,True,zomato,https://www.zomato.com/bangalore/burma-burma-brigade-road-brigade-road-bangalore/info,,,,,unmatched,https://www.google.com/maps/search/?api=1&query=Burma+Burma+-+Brigade+Road+Brigade+Road+Bengaluru
Bier Loft Brewing Co,standalone,Electronic City,4.3,"North Indian, Chinese, Biryani, Thai",2300,brewery,,,2,True,zomato,https://www.zomato.com/bangalore/bier-loft-brewing-co-electronic-city-bangalore/info,,,,,unmatched,https://www.google.com/maps/search/?api=1&query=Bier+Loft+Brewing+Co+Electronic+City+Bengaluru
Original Burger Co.,standalone,Seegehalli,4.4,"Burger, Hot dogs, Fast Food, Desserts, Coffee, Shake, Beverages",700,cafe_or_coffee,,,1,True,zomato,https://www.zomato.com/bangalore/original-burger-co-seegehalli-bangalore/info,,,,,unmatched,https://www.google.com/maps/search/?api=1&query=Original+Burger+Co.+Seegehalli+Bengaluru
